"STATION","DATE","LATITUDE","LONGITUDE","ELEVATION","NAME","TEMP","TEMP_ATTRIBUTES","DEWP","DEWP_ATTRIBUTES","SLP","SLP_ATTRIBUTES","STP","STP_ATTRIBUTES","VISIB","VISIB_ATTRIBUTES","WDSP","WDSP_ATTRIBUTES","MXSPD","GUST","MAX","MAX_ATTRIBUTES","MIN","MIN_ATTRIBUTES","PRCP","PRCP_ATTRIBUTES","SNDP","FRSHTT"
"03772099999","2011-01-01","51.4775","-0.461389","25.29","HEATHROW, UK","  42.0","24","  37.4","24","9999.9"," 0","999.9"," 0","  5.4","24","  5.3","24","  8.0","999.9","  45.0"," ","  39.2","*"," 0.00","G","999.9","010000"
"03772099999","2011-01-02","51.4775","-0.461389","25.29","HEATHROW, UK","  37.3","24","  31.3","24","9999.9"," 0","999.9"," 0","  7.2","24","  4.1","24","  6.0","999.9","  39.2"," ","  35.6","*"," 0.02","G","999.9","100000"
"03772099999","2011-01-03","51.4775","-0.461389","25.29","HEATHROW, UK","  34.6","24","  28.7","24","9999.9"," 0","999.9"," 0","  6.6","24","  3.4","24","  5.1","999.9","  37.2"," ","  30.2","*"," 0.00","G","999.9","011000"
"03772099999","2011-01-04","51.4775","-0.461389","25.29","HEATHROW, UK","  36.9","24","  33.3","24","9999.9"," 0","999.9"," 0","  6.1","24","  5.4","24"," 12.0","999.9","  41.0","*","  32.5"," "," 0.00","F","999.9","010000"
"03772099999","2011-01-05","51.4775","-0.461389","25.29","HEATHROW, UK","  42.1","24","  37.5","24","9999.9"," 0","999.9"," 0","  5.5","24"," 10.5","24"," 16.9"," 23.9","  44.8"," ","  38.8"," "," 0.00","F","999.9","010000"
"03772099999","2011-01-06","51.4775","-0.461389","25.29","HEATHROW, UK","  39.3","24","  37.3","24","9999.9"," 0","999.9"," 0","  4.4","24","  3.4","24","  6.0","999.9","  41.9","*","  35.6","*"," 0.02","G","999.9","111000"
"03772099999","2011-01-07","51.4775","-0.461389","25.29","HEATHROW, UK","  43.0","24","  41.1","24","9999.9"," 0","999.9"," 0","  4.0","24","  7.0","24"," 12.0","999.9","  51.4"," ","  33.8"," "," 0.45","G","999.9","110000"
"03772099999","2011-01-08","51.4775","-0.461389","25.29","HEATHROW, UK","  44.4","24","  39.3","24","9999.9"," 0","999.9"," 0","  7.1","24"," 12.3","24"," 20.0"," 28.0","  50.7"," ","  33.8","*"," 0.51","G","999.9","010000"
"03772099999","2011-01-09","51.4775","-0.461389","25.29","HEATHROW, UK","  37.6","24","  31.4","24","1008.5"," 5","005.4"," 5","  8.3","24","  8.1","24"," 12.0","999.9","  45.0"," ","  32.0","*"," 0.04","G","999.9","000000"
"03772099999","2011-01-10","51.4775","-0.461389","25.29","HEATHROW, UK","  39.7","24","  36.1","24","9999.9"," 0","999.9"," 0","  6.7","24","  9.8","24"," 16.9"," 29.9","  48.0"," ","  28.6"," "," 0.00","G","999.9","010000"
"03772099999","2011-01-11","51.4775","-0.461389","25.29","HEATHROW, UK","  42.5","24","  37.3","24","9999.9"," 0","999.9"," 0","  6.8","24","  8.5","24"," 15.0","999.9","  46.9"," ","  37.4","*"," 0.28","F","999.9","010000"
"03772099999","2011-01-12","51.4775","-0.461389","25.29","HEATHROW, UK","  48.7","24","  45.5","24","9999.9"," 0","999.9"," 0","  6.7","24"," 10.1","24"," 14.0"," 22.9","  55.4","*","  38.7"," "," 0.28","F","999.9","010000"
"03772099999","2011-01-13","51.4775","-0.461389","25.29","HEATHROW, UK","  54.3","24","  51.1","24","9999.9"," 0","999.9"," 0","  7.2","24"," 12.2","24"," 15.9"," 22.9","  57.2","*","  51.8","*"," 0.03","F","999.9","010000"
"03772099999","2011-01-14","51.4775","-0.461389","25.29","HEATHROW, UK","  51.2","24","  47.5","24","9999.9"," 0","999.9"," 0","  6.9","24"," 12.0","24"," 21.0"," 30.9","  53.8"," ","  46.4","*"," 0.30","F","999.9","010010"
"03772099999","2011-01-15","51.4775","-0.461389","25.29","HEATHROW, UK","  50.6","24","  44.4","24","9999.9"," 0","999.9"," 0","  7.4","24"," 14.6","24"," 22.9"," 33.0","  52.9"," ","  44.6","*"," 0.01","F","999.9","000000"
"03772099999","2011-01-16","51.4775","-0.461389","25.29","HEATHROW, UK","  52.0","24","  47.0","24","9999.9"," 0","999.9"," 0","  6.9","24"," 12.6","24"," 21.0"," 28.0","  54.3"," ","  48.2","*"," 0.00","F","999.9","010000"
"03772099999","2011-01-17","51.4775","-0.461389","25.29","HEATHROW, UK","  45.6","24","  42.8","24","9999.9"," 0","999.9"," 0","  6.5","24","  4.3","24","  8.0","999.9","  48.7","*","  42.8","*"," 0.55","F","999.9","010000"
"03772099999","2011-01-18","51.4775","-0.461389","25.29","HEATHROW, UK","  40.9","24","  36.6","24","9999.9"," 0","999.9"," 0","  6.8","24","  5.6","24","  9.9","999.9","  45.5"," ","  33.8","*"," 0.47","F","999.9","010000"
"03772099999","2011-01-19","51.4775","-0.461389","25.29","HEATHROW, UK","  36.6","24","  33.2","24","9999.9"," 0","999.9"," 0","  5.4","24","  5.0","24","  7.0","999.9","  45.3"," ","  30.0"," "," 0.01","G","999.9","000000"
"03772099999","2011-01-20","51.4775","-0.461389","25.29","HEATHROW, UK","  38.6","24","  34.9","24","9999.9"," 0","999.9"," 0","  6.5","24","  4.4","24","  6.0","999.9","  41.5"," ","  34.5"," "," 0.01","G","999.9","010000"
"03772099999","2011-01-21","51.4775","-0.461389","25.29","HEATHROW, UK","  35.5","24","  30.6","24","9999.9"," 0","999.9"," 0","  5.2","24","  4.4","24","  8.0","999.9","  39.7","*","  30.2","*"," 0.00","G","999.9","010000"
"03772099999","2011-01-22","51.4775","-0.461389","25.29","HEATHROW, UK","  38.8","24","  35.2","24","9999.9"," 0","999.9"," 0","  4.7","24","  6.6","24"," 12.0"," 21.0","  44.6","*","  31.8"," "," 0.01","G","999.9","010000"
"03772099999","2011-01-23","51.4775","-0.461389","25.29","HEATHROW, UK","  43.9","24","  39.9","24","9999.9"," 0","999.9"," 0","  7.6","24","  7.0","24","  9.9"," 18.1","  46.4","*","  42.4"," "," 0.01","G","999.9","010000"
"03772099999","2011-01-24","51.4775","-0.461389","25.29","HEATHROW, UK","  42.4","24","  37.1","24","9999.9"," 0","999.9"," 0","  6.9","24","  6.1","24","  8.9","999.9","  45.0"," ","  33.8","*"," 0.00","G","999.9","010000"
"03772099999","2011-01-25","51.4775","-0.461389","25.29","HEATHROW, UK","  43.3","24","  39.9","24","9999.9"," 0","999.9"," 0","  6.5","24","  8.2","24"," 11.1","999.9","  46.9","*","  34.3"," "," 0.02","G","999.9","010000"
"03772099999","2011-01-26","51.4775","-0.461389","25.29","HEATHROW, UK","  42.3","24","  38.5","24","9999.9"," 0","999.9"," 0","  5.7","24","  6.8","24"," 14.0"," 22.9","  44.8"," ","  35.6","*"," 0.02","G","999.9","010000"
"03772099999","2011-01-27","51.4775","-0.461389","25.29","HEATHROW, UK","  35.8","24","  25.7","24","9999.9"," 0","999.9"," 0","  7.5","24","  9.2","24"," 13.0"," 22.0","  37.6"," ","  33.8","*"," 0.01","G","999.9","000000"
"03772099999","2011-01-28","51.4775","-0.461389","25.29","HEATHROW, UK","  33.5","24","  22.6","24","9999.9"," 0","999.9"," 0","  7.5","24","  9.6","24"," 13.0"," 19.0","  35.6","*","  32.0","*"," 0.00","G","999.9","000000"
"03772099999","2011-01-29","51.4775","-0.461389","25.29","HEATHROW, UK","  33.3","24","  26.1","24","9999.9"," 0","999.9"," 0","  7.1","24","  6.7","24","  8.9","999.9","  35.6","*","  31.8"," "," 0.00","G","999.9","000000"
"03772099999","2011-01-30","51.4775","-0.461389","25.29","HEATHROW, UK","  35.3","24","  27.8","24","9999.9"," 0","999.9"," 0","  7.5","24","  5.6","24","  9.9","999.9","  42.1"," ","  30.2","*"," 0.00","G","999.9","000000"
"03772099999","2011-01-31","51.4775","-0.461389","25.29","HEATHROW, UK","  33.8","24","  27.9","24","1026.3"," 5","023.1"," 5","  6.4","24","  4.1","24","  9.9","999.9","  40.6"," ","  28.4","*"," 0.00","G","999.9","000000"
"03772099999","2011-02-01","51.4775","-0.461389","25.29","HEATHROW, UK","  38.2","24","  34.4","24","1025.6"," 5","022.5"," 5","  5.1","24","  7.2","24"," 11.1","999.9","  46.4"," ","  28.0"," "," 0.00","G","999.9","110000"
"03772099999","2011-02-02","51.4775","-0.461389","25.29","HEATHROW, UK","  43.6","24","  40.7","24","9999.9"," 0","999.9"," 0","  4.0","24","  9.4","24"," 16.9"," 26.0","  50.7","*","  35.6","*"," 0.01","G","999.9","110000"
"03772099999","2011-02-03","51.4775","-0.461389","25.29","HEATHROW, UK","  45.3","24","  38.4","24","9999.9"," 0","999.9"," 0","  6.7","24"," 11.4","24"," 21.0"," 33.0","  51.1"," ","  35.6","*"," 0.00","G","999.9","000000"
"03772099999","2011-02-04","51.4775","-0.461389","25.29","HEATHROW, UK","  51.5","24","  44.5","24","9999.9"," 0","999.9"," 0","  7.2","24"," 20.1","24"," 25.1"," 35.9","  54.1"," ","  46.8"," "," 0.00","G","999.9","010000"
"03772099999","2011-02-05","51.4775","-0.461389","25.29","HEATHROW, UK","  53.5","24","  46.1","24","9999.9"," 0","999.9"," 0","  7.2","24"," 19.0","24"," 23.9"," 35.0","  55.6"," ","  51.6"," "," 0.00","F","999.9","000000"
"03772099999","2011-02-06","51.4775","-0.461389","25.29","HEATHROW, UK","  51.5","24","  44.6","24","9999.9"," 0","999.9"," 0","  8.4","24"," 16.0","24"," 20.0"," 29.9","  53.6","*","  50.0","*"," 0.00","G","999.9","010000"
"03772099999","2011-02-07","51.4775","-0.461389","25.29","HEATHROW, UK","  48.0","24","  40.2","24","9999.9"," 0","999.9"," 0","  7.3","24"," 14.4","24"," 23.9"," 32.1","  54.0"," ","  39.2","*"," 0.00","F","999.9","010000"
"03772099999","2011-02-08","51.4775","-0.461389","25.29","HEATHROW, UK","  40.3","24","  33.8","24","9999.9"," 0","999.9"," 0","  6.1","24","  4.2","24","  8.0","999.9","  51.1"," ","  30.2","*"," 0.00","F","999.9","110000"
"03772099999","2011-02-09","51.4775","-0.461389","25.29","HEATHROW, UK","  46.5","24","  41.5","24","9999.9"," 0","999.9"," 0","  5.8","24","  7.4","24"," 11.1"," 20.0","  50.7"," ","  39.7"," "," 0.01","G","999.9","010000"
"03772099999","2011-02-10","51.4775","-0.461389","25.29","HEATHROW, UK","  49.2","24","  46.6","24","9999.9"," 0","999.9"," 0","  3.8","24","  7.4","24"," 11.1","999.9","  51.8","*","  45.7"," "," 0.00","G","999.9","010000"
"03772099999","2011-02-11","51.4775","-0.461389","25.29","HEATHROW, UK","  49.9","24","  46.9","24","9999.9"," 0","999.9"," 0","  5.9","24","  7.3","24"," 12.0","999.9","  55.4","*","  45.7"," "," 0.35","G","999.9","010000"
"03772099999","2011-02-12","51.4775","-0.461389","25.29","HEATHROW, UK","  47.2","24","  42.4","24","9999.9"," 0","999.9"," 0","  5.6","24","  8.2","24"," 14.0","999.9","  52.5"," ","  39.2","*"," 0.11","G","999.9","010000"
"03772099999","2011-02-13","51.4775","-0.461389","25.29","HEATHROW, UK","  45.1","24","  41.4","24","9999.9"," 0","999.9"," 0","  6.8","24"," 10.4","24"," 15.9","999.9","  47.8"," ","  40.3"," "," 0.00","G","999.9","010000"
"03772099999","2011-02-14","51.4775","-0.461389","25.29","HEATHROW, UK","  43.1","24","  37.4","24","9999.9"," 0","999.9"," 0","  7.1","24","  7.3","24"," 13.0"," 21.0","  50.4"," ","  39.0"," "," 0.19","G","999.9","010000"
"03772099999","2011-02-15","51.4775","-0.461389","25.29","HEATHROW, UK","  42.4","24","  39.0","24","9999.9"," 0","999.9"," 0","  6.7","24","  9.7","24"," 15.0"," 19.0","  45.1","*","  39.2"," "," 0.02","G","999.9","010000"
"03772099999","2011-02-16","51.4775","-0.461389","25.29","HEATHROW, UK","  43.4","24","  38.4","24","9999.9"," 0","999.9"," 0","  7.4","24","  7.3","24"," 13.0","999.9","  51.8"," ","  35.2"," "," 0.00","G","999.9","000000"
"03772099999","2011-02-17","51.4775","-0.461389","25.29","HEATHROW, UK","  43.5","24","  39.2","24","9999.9"," 0","999.9"," 0","  3.3","24","  5.7","24","  8.9","999.9","  50.4"," ","  39.2","*"," 0.01","G","999.9","000000"
"03772099999","2011-02-18","51.4775","-0.461389","25.29","HEATHROW, UK","  40.7","24","  36.8","24","1012.6"," 4","009.5"," 4","  2.2","24","  7.4","24"," 12.0","999.9","  48.4"," ","  36.9","*"," 0.00","G","999.9","000000"
"03772099999","2011-02-19","51.4775","-0.461389","25.29","HEATHROW, UK","  41.2","24","  39.2","24","1010.7"," 5","007.6"," 5","  2.6","24","  7.1","24"," 11.1","999.9","  43.7"," ","  36.7"," "," 0.44","F","999.9","010000"
"03772099999","2011-02-20","51.4775","-0.461389","25.29","HEATHROW, UK","  41.0","24","  37.8","24","1015.1"," 6","012.1"," 6","  2.7","24","  5.2","24","  8.9","999.9","  42.8","*","  39.2","*"," 0.00","F","999.9","010000"
"03772099999","2011-02-21","51.4775","-0.461389","25.29","HEATHROW, UK","  41.7","24","  37.6","24","1013.7"," 5","010.6"," 5","  2.8","24","  7.2","24"," 11.1","999.9","  45.5"," ","  38.3","*"," 0.00","G","999.9","010000"
"03772099999","2011-02-22","51.4775","-0.461389","25.29","HEATHROW, UK","  42.6","24","  40.0","24","1016.3"," 6","013.2"," 6","  2.0","24","  4.6","24","  8.0","999.9","  45.0"," ","  40.3","*"," 0.02","F","999.9","010000"
"03772099999","2011-02-23","51.4775","-0.461389","25.29","HEATHROW, UK","  47.0","24","  44.4","24","1017.0"," 7","013.9"," 7","  5.9","24","  7.9","24","  9.9","999.9","  52.3"," ","  42.6"," "," 0.15","F","999.9","010000"
"03772099999","2011-02-24","51.4775","-0.461389","25.29","HEATHROW, UK","  50.5","24","  45.4","24","1021.5"," 8","018.4"," 8","  8.2","24","  7.6","24"," 12.0","999.9","  57.9"," ","  44.6","*"," 0.00","F","999.9","000000"
"03772099999","2011-02-25","51.4775","-0.461389","25.29","HEATHROW, UK","  51.2","24","  46.2","24","1023.5"," 4","020.5"," 4","  7.1","24","  8.3","24"," 15.0"," 25.1","  57.4"," ","  44.1"," "," 0.00","G","999.9","010000"
"03772099999","2011-02-26","51.4775","-0.461389","25.29","HEATHROW, UK","  47.4","24","  42.7","24","1014.7"," 5","011.7"," 5","  8.0","24"," 10.2","24"," 16.9","999.9","  51.8","*","  39.2","*"," 0.24","F","999.9","010000"
"03772099999","2011-02-27","51.4775","-0.461389","25.29","HEATHROW, UK","  41.2","24","  36.1","24","1020.7"," 8","017.6"," 8","  9.0","24","  6.7","24"," 11.1","999.9","  49.8"," ","  35.6","*"," 0.12","F","999.9","010000"
"03772099999","2011-02-28","51.4775","-0.461389","25.29","HEATHROW, UK","  39.4","24","  34.7","24","1030.2"," 6","027.0"," 6","  6.4","24","  6.5","24"," 11.1","999.9","  41.4"," ","  37.4","*"," 0.02","F","999.9","010000"
"03772099999","2011-03-01","51.4775","-0.461389","25.29","HEATHROW, UK","  39.3","24","  33.1","24","1037.6","11","034.4","11","  6.8","24","  7.3","24"," 12.0"," 20.0","  41.0","*","  37.4","*"," 0.00","F","999.9","010000"
"03772099999","2011-03-02","51.4775","-0.461389","25.29","HEATHROW, UK","  38.9","24","  32.5","24","1036.5","16","033.3","16","  4.5","24","  7.9","24"," 11.1","999.9","  45.1"," ","  32.0","*"," 0.00","F","999.9","010000"
"03772099999","2011-03-03","51.4775","-0.461389","25.29","HEATHROW, UK","  35.7","24","  30.4","24","1035.8"," 7","032.6"," 7","  4.6","24","  7.0","24"," 11.1","999.9","  40.6"," ","  31.5"," "," 0.00","G","999.9","000000"
"03772099999","2011-03-04","51.4775","-0.461389","25.29","HEATHROW, UK","  37.9","24","  29.6","24","1032.6"," 6","029.5"," 6","  6.2","24","  5.8","24","  9.9","999.9","  46.2"," ","  33.4"," "," 0.00","G","999.9","000000"
"03772099999","2011-03-05","51.4775","-0.461389","25.29","HEATHROW, UK","  39.3","24","  33.5","24","1031.0"," 9","027.8"," 9","  6.9","24","  6.1","24"," 11.1","999.9","  46.6"," ","  33.8"," "," 0.00","G","999.9","010000"
"03772099999","2011-03-06","51.4775","-0.461389","25.29","HEATHROW, UK","  40.3","24","  30.7","24","1031.7","14","028.5","14"," 10.6","24","  9.0","24"," 12.0","999.9","  46.4"," ","  37.4","*"," 0.01","G","999.9","010000"
"03772099999","2011-03-07","51.4775","-0.461389","25.29","HEATHROW, UK","  39.9","24","  28.7","24","1030.3","12","027.2","12","  8.6","24","  6.5","24","  9.9","999.9","  50.2"," ","  32.0","*"," 0.00","G","999.9","000000"
"03772099999","2011-03-08","51.4775","-0.461389","25.29","HEATHROW, UK","  40.0","23","  32.1","23","1020.6","14","017.5","14","  4.6","22","  5.8","23"," 13.0","999.9","  53.6","*","  26.6","*"," 0.00","G","999.9","000000"
"03772099999","2011-03-09","51.4775","-0.461389","25.29","HEATHROW, UK","  45.2","24","  36.1","24","1016.2","11","013.1","11","  9.6","24"," 11.5","24"," 18.1","999.9","  52.3"," ","  37.6"," "," 0.00","G","999.9","010000"
"03772099999","2011-03-10","51.4775","-0.461389","25.29","HEATHROW, UK","  48.4","24","  39.5","24","1013.1"," 7","010.0"," 7","  8.7","24"," 16.5","24"," 26.0"," 34.0","  56.5"," ","  41.4"," "," 0.00","F","999.9","010000"
"03772099999","2011-03-11","51.4775","-0.461389","25.29","HEATHROW, UK","  46.4","24","  38.0","24","1014.3","15","011.3","15"," 11.8","24"," 10.3","24"," 15.0","999.9","  54.3"," ","  39.2","*"," 0.00","F","999.9","000000"
"03772099999","2011-03-12","51.4775","-0.461389","25.29","HEATHROW, UK","  49.3","24","  40.6","24","1004.5","10","001.5","10","  8.5","24","  7.5","24"," 12.0","999.9","  56.1"," ","  44.1"," "," 0.00","G","999.9","010000"
"03772099999","2011-03-13","51.4775","-0.461389","25.29","HEATHROW, UK","  47.8","24","  43.3","24","1001.6","12","998.6","12","  6.8","24","  5.2","24","  8.0","999.9","  51.1"," ","  35.6","*"," 0.01","G","999.9","010000"
"03772099999","2011-03-14","51.4775","-0.461389","25.29","HEATHROW, UK","  43.2","24","  36.3","24","1014.3","14","011.2","14","  6.4","24","  6.9","24"," 14.0","999.9","  54.7"," ","  31.6"," "," 0.09","G","999.9","000000"
"03772099999","2011-03-15","51.4775","-0.461389","25.29","HEATHROW, UK","  49.1","24","  45.0","24","1015.0","12","012.0","12","  2.0","24","  7.6","24"," 11.1","999.9","  57.2","*","  43.7"," "," 0.00","G","999.9","110000"
"03772099999","2011-03-16","51.4775","-0.461389","25.29","HEATHROW, UK","  46.9","24","  43.5","24","1013.7"," 9","010.6"," 9","  1.7","24","  6.5","24","  8.9","999.9","  50.2"," ","  41.9","*"," 0.00","F","999.9","000000"
"03772099999","2011-03-17","51.4775","-0.461389","25.29","HEATHROW, UK","  43.1","23","  38.1","23","1014.9","14","011.8","14","  3.7","23","  4.9","23","  8.0","999.9","  50.7"," ","  37.4","*"," 0.00","G","999.9","010000"
"03772099999","2011-03-18","51.4775","-0.461389","25.29","HEATHROW, UK","  42.7","24","  37.5","24","1023.1","12","020.0","12","  7.3","24","  4.3","24","  8.0","999.9","  46.4","*","  35.4","*"," 0.20","F","999.9","010000"
"03772099999","2011-03-19","51.4775","-0.461389","25.29","HEATHROW, UK","  41.2","24","  28.6","24","1033.9","10","030.7","10","  9.1","24","  3.4","24","  7.0","999.9","  54.5"," ","  28.4","*"," 0.00","F","999.9","000000"
"03772099999","2011-03-20","51.4775","-0.461389","25.29","HEATHROW, UK","  45.1","24","  37.2","24","1032.9","11","029.7","11","  6.9","24","  5.4","24","  9.9"," 20.0","  55.9"," ","  35.6","*"," 0.00","G","999.9","000000"
"03772099999","2011-03-21","51.4775","-0.461389","25.29","HEATHROW, UK","  48.1","24","  41.0","24","1034.2","13","031.1","13","  6.4","24","  3.7","24","  6.0","999.9","  59.9"," ","  37.2"," "," 0.01","G","999.9","000000"
"03772099999","2011-03-22","51.4775","-0.461389","25.29","HEATHROW, UK","  52.0","24","  41.6","24","1037.6","15","034.5","15","  5.6","24","  3.1","24","  7.0","999.9","  62.1"," ","  43.7"," "," 0.00","G","999.9","000000"
"03772099999","2011-03-23","51.4775","-0.461389","25.29","HEATHROW, UK","  50.7","24","  41.8","24","1039.5","13","036.5","13","  7.1","24","  4.3","24","  8.9"," 18.1","  63.1"," ","  39.2","*"," 0.00","G","999.9","000000"
"03772099999","2011-03-24","51.4775","-0.461389","25.29","HEATHROW, UK","  49.8","24","  40.4","24","1031.8"," 9","028.8"," 9","  7.3","24","  5.9","24"," 12.0","999.9","  62.1"," ","  41.0","*"," 0.00","G","999.9","000000"
"03772099999","2011-03-25","51.4775","-0.461389","25.29","HEATHROW, UK","  52.2","24","  41.2","24","1020.0","14","017.0","14","  5.3","24","  2.9","24","  6.0","999.9","  65.8"," ","  39.2","*"," 0.00","G","999.9","000000"
"03772099999","2011-03-26","51.4775","-0.461389","25.29","HEATHROW, UK","  49.7","24","  42.8","24","1014.8"," 9","011.7"," 9","  3.3","24","  5.6","24"," 13.0","999.9","  58.3"," ","  43.3"," "," 0.00","G","999.9","010000"
"03772099999","2011-03-27","51.4775","-0.461389","25.29","HEATHROW, UK","  49.4","24","  40.8","24","1013.8","12","010.7","12","  3.9","24","  6.3","24","  8.9","999.9","  59.2"," ","  44.4"," "," 0.01","G","999.9","010000"
"03772099999","2011-03-28","51.4775","-0.461389","25.29","HEATHROW, UK","  50.0","24","  38.6","24","1016.1","13","013.1","13","  4.9","24","  4.2","24","  8.9","999.9","  59.9"," ","  42.3","*"," 0.00","G","999.9","000000"
"03772099999","2011-03-29","51.4775","-0.461389","25.29","HEATHROW, UK","  49.6","24","  41.4","24","1012.7"," 9","009.6"," 9","  4.3","24","  3.9","24","  7.0"," 15.0","  60.8","*","  38.8"," "," 0.00","G","999.9","010000"
"03772099999","2011-03-30","51.4775","-0.461389","25.29","HEATHROW, UK","  50.7","24","  46.5","24","1011.2"," 5","008.1"," 5","  5.6","24","  8.6","24"," 16.9","999.9","  53.6","*","  48.2","*"," 0.02","G","999.9","010000"
"03772099999","2011-03-31","51.4775","-0.461389","25.29","HEATHROW, UK","  55.6","24","  49.8","24","1011.6","13","008.6","13","  8.9","24"," 13.1","24"," 22.9"," 33.0","  64.8"," ","  48.2","*"," 0.21","G","999.9","010000"
"03772099999","2011-04-01","51.4775","-0.461389","25.29","HEATHROW, UK","  56.0","24","  50.4","24","1017.4","16","014.4","16"," 10.9","24"," 12.0","24"," 18.1"," 28.0","  60.8","*","  52.9"," "," 0.01","G","999.9","000000"
"03772099999","2011-04-02","51.4775","-0.461389","25.29","HEATHROW, UK","  56.9","24","  48.3","24","1010.7"," 9","007.7"," 9"," 10.3","24","  8.7","24"," 13.0","999.9","  64.0"," ","  48.2","*"," 0.00","G","999.9","000000"
"03772099999","2011-04-03","51.4775","-0.461389","25.29","HEATHROW, UK","  50.4","24","  42.0","24","1013.9","10","010.9","10"," 11.4","24","  7.8","24"," 14.0","999.9","  60.1"," ","  41.0"," "," 0.00","G","999.9","010000"
"03772099999","2011-04-04","51.4775","-0.461389","25.29","HEATHROW, UK","  48.5","24","  40.2","24","1020.4","13","017.3","13"," 11.1","24"," 11.1","24"," 16.9"," 27.0","  58.3"," ","  39.2","*"," 0.00","F","999.9","000000"
"03772099999","2011-04-05","51.4775","-0.461389","25.29","HEATHROW, UK","  51.8","24","  47.9","24","1021.3","12","018.2","12","  8.6","24"," 11.7","24"," 16.9","999.9","  55.8"," ","  48.2"," "," 0.06","F","999.9","010000"
"03772099999","2011-04-06","51.4775","-0.461389","25.29","HEATHROW, UK","  61.7","24","  44.0","24","1025.5","14","022.5","14"," 14.5","24","  8.9","24"," 14.0","999.9","  73.4"," ","  50.0","*"," 0.01","F","999.9","000000"
"03772099999","2011-04-07","51.4775","-0.461389","25.29","HEATHROW, UK","  58.2","24","  46.9","24","1027.1","13","024.0","13"," 12.0","24","  5.0","24","  9.9","999.9","  71.4"," ","  44.6","*"," 0.00","G","999.9","000000"
"03772099999","2011-04-08","51.4775","-0.461389","25.29","HEATHROW, UK","  58.9","24","  42.5","24","1027.3","12","024.3","12"," 11.0","24","  3.6","24","  7.0","999.9","  70.5"," ","  45.7"," "," 0.00","G","999.9","000000"
"03772099999","2011-04-09","51.4775","-0.461389","25.29","HEATHROW, UK","  55.4","24","  41.6","24","1025.9","13","022.8","13","  9.5","24","  7.3","24"," 13.0","999.9","  66.4"," ","  46.4","*"," 0.00","G","999.9","000000"
"03772099999","2011-04-10","51.4775","-0.461389","25.29","HEATHROW, UK","  54.7","24","  39.0","24","1024.0","17","021.0","17","  9.6","24","  5.5","24","  8.9","999.9","  68.5"," ","  42.8","*"," 0.00","G","999.9","000000"
"03772099999","2011-04-11","51.4775","-0.461389","25.29","HEATHROW, UK","  54.6","23","  42.4","23","1022.1","13","019.1","13","  9.7","23","  7.0","23"," 16.9","999.9","  68.4"," ","  42.8","*"," 0.00","G","999.9","010000"
"03772099999","2011-04-12","51.4775","-0.461389","25.29","HEATHROW, UK","  50.1","24","  32.4","24","1029.2","11","026.1","11"," 13.0","24","  8.0","24"," 12.0","999.9","  58.5"," ","  41.0","*"," 0.00","F","999.9","000000"
"03772099999","2011-04-13","51.4775","-0.461389","25.29","HEATHROW, UK","  47.1","24","  37.0","24","1023.9"," 9","020.8"," 9"," 10.1","24","  7.0","24"," 13.0"," 21.0","  56.3"," ","  40.5"," "," 0.00","G","999.9","010000"
"03772099999","2011-04-14","51.4775","-0.461389","25.29","HEATHROW, UK","  51.2","24","  42.0","24","1018.8","13","015.7","13"," 10.8","24","  5.9","24","  8.0","999.9","  56.1"," ","  45.1"," "," 0.00","F","999.9","000000"
"03772099999","2011-04-15","51.4775","-0.461389","25.29","HEATHROW, UK","  54.6","24","  41.7","24","1020.4","17","017.4","17"," 12.3","24","  4.7","24","  8.9","999.9","  63.9"," ","  48.2","*"," 0.00","G","999.9","010000"
"03772099999","2011-04-16","51.4775","-0.461389","25.29","HEATHROW, UK","  55.5","24","  43.7","24","1022.5","14","019.5","14","  8.9","24","  3.9","24","  7.0","999.9","  62.8"," ","  48.2","*"," 0.00","F","999.9","000000"
"03772099999","2011-04-17","51.4775","-0.461389","25.29","HEATHROW, UK","  56.8","24","  43.8","24","1024.3","15","021.3","15","  7.3","24","  4.8","24","  9.9","999.9","  68.2"," ","  48.2","*"," 0.00","G","999.9","010000"
"03772099999","2011-04-18","51.4775","-0.461389","25.29","HEATHROW, UK","  55.4","24","  39.8","24","1018.7","13","015.7","13","  5.2","24","  6.5","24"," 13.0","999.9","  67.3"," ","  44.6","*"," 0.00","F","999.9","000000"
"03772099999","2011-04-19","51.4775","-0.461389","25.29","HEATHROW, UK","  61.3","24","  45.3","24","1012.5","14","009.4","14","  6.4","24","  3.8","24","  9.9","999.9","  76.6"," ","  47.8"," "," 0.00","G","999.9","000000"
"03772099999","2011-04-20","51.4775","-0.461389","25.29","HEATHROW, UK","  62.4","24","  45.5","24","1014.8","13","011.8","13","  4.6","24","  4.1","24","  8.0","999.9","  79.7"," ","  49.3"," "," 0.00","G","999.9","000000"
"03772099999","2011-04-21","51.4775","-0.461389","25.29","HEATHROW, UK","  64.1","24","  43.8","24","1013.1","15","010.2","15","  5.1","24","  5.7","24"," 12.0","999.9","  79.3"," ","  53.1"," "," 0.00","G","999.9","000000"
"03772099999","2011-04-22","51.4775","-0.461389","25.29","HEATHROW, UK","  65.0","24","  44.8","24","1008.1","14","005.2","14","  7.3","24","  4.5","24","  8.9","999.9","  78.8"," ","  50.0","*"," 0.00","G","999.9","000000"
"03772099999","2011-04-23","51.4775","-0.461389","25.29","HEATHROW, UK","  66.1","24","  47.9","24","1012.1","12","009.2","12","  8.5","24","  3.9","24"," 13.0","999.9","  81.3"," ","  50.0","*"," 0.00","G","999.9","010010"
"03772099999","2011-04-24","51.4775","-0.461389","25.29","HEATHROW, UK","  61.8","24","  51.8","24","1018.7","19","015.8","19","  5.3","24","  6.2","24","  8.9","999.9","  73.9"," ","  52.3"," "," 0.02","F","999.9","000000"
"03772099999","2011-04-25","51.4775","-0.461389","25.29","HEATHROW, UK","  59.1","24","  41.1","24","1023.6","12","020.6","12"," 10.5","24","  6.9","24"," 12.0"," 20.0","  71.6","*","  50.0","*"," 0.00","G","999.9","000000"
"03772099999","2011-04-26","51.4775","-0.461389","25.29","HEATHROW, UK","  53.1","24","  44.4","24","1025.9"," 9","022.8"," 9","  8.6","24","  7.3","24","  9.9","999.9","  60.8","*","  46.4","*"," 0.00","G","999.9","000000"
"03772099999","2011-04-27","51.4775","-0.461389","25.29","HEATHROW, UK","  53.1","24","  37.7","24","1025.4","14","022.4","14"," 11.3","24","  8.2","24"," 11.1"," 20.0","  62.6"," ","  44.6","*"," 0.00","F","999.9","010000"
"03772099999","2011-04-28","51.4775","-0.461389","25.29","HEATHROW, UK","  51.6","24","  42.5","24","1018.7"," 9","015.6"," 9","  8.1","24","  8.7","24"," 14.0"," 21.0","  62.6"," ","  42.6"," "," 0.00","F","999.9","010000"
"03772099999","2011-04-29","51.4775","-0.461389","25.29","HEATHROW, UK","  57.4","24","  48.0","24","1012.0","10","009.0","10","  5.4","24","  7.3","24"," 14.0"," 22.9","  68.5"," ","  49.3"," "," 0.00","F","999.9","010000"
"03772099999","2011-04-30","51.4775","-0.461389","25.29","HEATHROW, UK","  60.1","24","  45.9","24","1008.7","12","005.8","12","  7.9","24"," 10.8","24"," 15.9"," 27.0","  70.7"," ","  51.8"," "," 0.00","F","999.9","010000"
"03772099999","2011-05-01","51.4775","-0.461389","25.29","HEATHROW, UK","  58.6","24","  39.8","24","1010.1","14","007.1","14"," 12.5","24"," 12.7","24"," 16.9"," 27.0","  67.6"," ","  52.5"," "," 0.00","F","999.9","010000"
"03772099999","2011-05-02","51.4775","-0.461389","25.29","HEATHROW, UK","  53.7","24","  35.3","24","1012.3","17","009.3","17"," 13.8","24"," 13.1","24"," 20.0"," 29.9","  62.6"," ","  44.6","*"," 0.00","G","999.9","000000"
"03772099999","2011-05-03","51.4775","-0.461389","25.29","HEATHROW, UK","  50.4","24","  30.9","24","1016.9","11","013.8","11"," 11.3","24"," 10.0","24"," 15.0"," 26.0","  59.5"," ","  42.8"," "," 0.00","G","999.9","000000"
"03772099999","2011-05-04","51.4775","-0.461389","25.29","HEATHROW, UK","  52.0","24","  35.8","24","1021.1","14","018.1","14"," 11.2","24","  7.6","24"," 13.0","999.9","  65.3"," ","  39.2","*"," 0.00","G","999.9","000000"
"03772099999","2011-05-05","51.4775","-0.461389","25.29","HEATHROW, UK","  57.0","24","  40.6","24","1019.5","15","016.4","15"," 10.1","24","  8.2","24"," 14.0","999.9","  70.7"," ","  46.9"," "," 0.00","F","999.9","010000"
"03772099999","2011-05-06","51.4775","-0.461389","25.29","HEATHROW, UK","  64.1","24","  42.2","24","1015.3"," 9","012.3"," 9","  8.8","24","  7.4","24"," 13.0"," 22.0","  77.0"," ","  48.2","*"," 0.00","F","999.9","000000"
"03772099999","2011-05-07","51.4775","-0.461389","25.29","HEATHROW, UK","  64.1","24","  54.7","24","1010.6"," 8","007.7"," 8","  9.5","24","  7.5","24"," 13.0","999.9","  73.9"," ","  56.8"," "," 0.12","F","999.9","010010"
"03772099999","2011-05-08","51.4775","-0.461389","25.29","HEATHROW, UK","  61.2","23","  51.3","23","1014.3","10","011.3","10"," 12.3","22","  9.9","23"," 19.0"," 26.0","  68.0","*","  55.2","*"," 0.37","G","999.9","010000"
"03772099999","2011-05-09","51.4775","-0.461389","25.29","HEATHROW, UK","  59.7","24","  47.1","24","1021.4","11","018.4","11"," 11.5","24","  9.3","24"," 16.9"," 20.0","  68.9"," ","  50.7"," "," 0.00","G","999.9","000000"
"03772099999","2011-05-10","51.4775","-0.461389","25.29","HEATHROW, UK","  59.8","24","  45.9","24","1025.1","14","022.0","14"," 13.2","24","  8.3","24"," 13.0"," 22.0","  70.9"," ","  46.8"," "," 0.00","G","999.9","000000"
"03772099999","2011-05-11","51.4775","-0.461389","25.29","HEATHROW, UK","  56.2","24","  46.8","24","1023.9","16","020.8","16"," 13.1","24","  7.3","24"," 12.0","999.9","  64.6"," ","  48.0"," "," 0.00","G","999.9","010000"
"03772099999","2011-05-12","51.4775","-0.461389","25.29","HEATHROW, UK","  55.3","24","  42.8","24","1020.4","11","017.4","11"," 12.4","24"," 10.6","24"," 18.1","999.9","  66.7"," ","  44.6","*"," 0.00","F","999.9","010000"
"03772099999","2011-05-13","51.4775","-0.461389","25.29","HEATHROW, UK","  55.2","24","  42.6","24","1020.6","11","017.6","11"," 11.3","24","  7.7","24"," 13.0","999.9","  65.5"," ","  42.8","*"," 0.00","G","999.9","000000"
"03772099999","2011-05-14","51.4775","-0.461389","25.29","HEATHROW, UK","  53.6","24","  40.5","24","1020.0","17","016.9","17"," 16.9","24","  8.9","24"," 14.0"," 23.9","  63.3"," ","  41.0","*"," 0.00","G","999.9","010000"
"03772099999","2011-05-15","51.4775","-0.461389","25.29","HEATHROW, UK","  53.7","24","  41.5","24","1025.2","13","022.2","13"," 13.3","24"," 10.0","24"," 15.0","999.9","  60.8","*","  46.4","*"," 0.00","F","999.9","010000"
"03772099999","2011-05-16","51.4775","-0.461389","25.29","HEATHROW, UK","  58.3","24","  47.5","24","1023.4","11","020.4","11"," 10.6","24"," 12.3","24"," 16.9","999.9","  68.2"," ","  51.6"," "," 0.00","F","999.9","010000"
"03772099999","2011-05-17","51.4775","-0.461389","25.29","HEATHROW, UK","  57.9","24","  49.2","24","1019.9","15","016.8","15"," 13.3","24"," 10.3","24"," 15.9","999.9","  65.7"," ","  51.3"," "," 0.00","H","999.9","010000"
"03772099999","2011-05-18","51.4775","-0.461389","25.29","HEATHROW, UK","  58.0","24","  52.5","24","1014.5"," 9","011.5"," 9"," 10.8","24","  9.4","24"," 13.0","999.9","  68.5"," ","  48.2","*"," 0.08","F","999.9","010000"
"03772099999","2011-05-19","51.4775","-0.461389","25.29","HEATHROW, UK","  56.7","24","  42.2","24","1017.9","14","014.9","14"," 11.0","24","  4.0","24","  8.0","999.9","  68.9"," ","  44.2"," "," 0.00","F","999.9","000000"
"03772099999","2011-05-20","51.4775","-0.461389","25.29","HEATHROW, UK","  57.9","24","  43.5","24","1019.3","14","016.3","14"," 13.4","24","  8.5","24"," 12.0","999.9","  66.7"," ","  49.6"," "," 0.00","G","999.9","000000"
"03772099999","2011-05-21","51.4775","-0.461389","25.29","HEATHROW, UK","  59.6","24","  44.9","24","1019.0","14","016.0","14"," 14.7","24","  8.3","24"," 13.0"," 22.9","  70.7"," ","  46.4","*"," 0.00","G","999.9","000000"
"03772099999","2011-05-22","51.4775","-0.461389","25.29","HEATHROW, UK","  57.6","24","  43.4","24","1017.5"," 9","014.5"," 9"," 10.6","24"," 15.1","24"," 26.0"," 35.9","  68.0"," ","  51.8","*"," 0.04","F","999.9","010000"
"03772099999","2011-05-23","51.4775","-0.461389","25.29","HEATHROW, UK","  56.1","24","  45.8","24","1020.3","14","017.2","14"," 11.1","24"," 14.8","24"," 27.0"," 37.9","  67.6"," ","  48.6"," "," 0.00","H","999.9","010000"
"03772099999","2011-05-24","51.4775","-0.461389","25.29","HEATHROW, UK","  55.8","24","  37.4","24","1026.2","13","023.2","13"," 13.5","24"," 11.8","24"," 15.9"," 26.0","  66.9"," ","  44.6","*"," 0.00","F","999.9","010000"
"03772099999","2011-05-25","51.4775","-0.461389","25.29","HEATHROW, UK","  57.2","24","  39.3","24","1021.5","11","018.4","11"," 11.2","24","  7.8","24"," 14.0"," 23.9","  68.9"," ","  42.8","*"," 0.00","F","999.9","010000"
"03772099999","2011-05-26","51.4775","-0.461389","25.29","HEATHROW, UK","  55.5","24","  47.1","24","1008.9","12","005.9","12"," 12.2","24"," 13.9","24"," 22.9"," 32.1","  62.6"," ","  51.8","*"," 0.28","F","999.9","010000"
"03772099999","2011-05-27","51.4775","-0.461389","25.29","HEATHROW, UK","  54.3","24","  42.9","24","1016.6"," 7","013.6"," 7"," 11.1","24","  9.5","24"," 12.0","999.9","  61.5"," ","  50.0","*"," 0.02","F","999.9","000000"
"03772099999","2011-05-28","51.4775","-0.461389","25.29","HEATHROW, UK","  55.3","24","  47.1","24","1014.4","13","011.4","13"," 14.1","24"," 12.7","24"," 19.0","999.9","  62.6"," ","  48.0"," "," 0.00","G","999.9","010000"
"03772099999","2011-05-29","51.4775","-0.461389","25.29","HEATHROW, UK","  60.6","24","  51.9","24","1012.1","10","009.2","10"," 12.3","24"," 13.1","24"," 18.1"," 25.1","  68.0"," ","  54.9"," "," 0.00","F","999.9","010000"
"03772099999","2011-05-30","51.4775","-0.461389","25.29","HEATHROW, UK","  57.4","24","  52.5","24","1011.5","11","008.5","11","  8.9","24","  8.7","24"," 15.0","999.9","  69.8","*","  48.2","*"," 0.00","G","999.9","010000"
"03772099999","2011-05-31","51.4775","-0.461389","25.29","HEATHROW, UK","  53.8","22","  40.7","22","1017.3"," 9","014.2"," 9"," 11.0","22","  7.8","22"," 12.0","999.9","  64.6","*","  43.5"," "," 0.08","G","999.9","010000"
"03772099999","2011-06-01","51.4775","-0.461389","25.29","HEATHROW, UK","  58.0","24","  45.3","24","1030.0","13","027.0","13"," 12.3","24","  5.3","24","  9.9","999.9","  70.9"," ","  44.6","*"," 0.00","G","999.9","000000"
"03772099999","2011-06-02","51.4775","-0.461389","25.29","HEATHROW, UK","  64.1","24","  51.5","24","1033.5","15","030.5","15"," 10.0","24","  5.5","24","  9.9","999.9","  75.2","*","  51.8","*"," 0.00","G","999.9","000000"
"03772099999","2011-06-03","51.4775","-0.461389","25.29","HEATHROW, UK","  66.6","24","  51.4","24","1029.8","12","026.8","12"," 12.3","24","  8.9","24"," 13.0"," 22.9","  78.4"," ","  55.0"," "," 0.00","G","999.9","000000"
"03772099999","2011-06-04","51.4775","-0.461389","25.29","HEATHROW, UK","  65.3","23","  52.5","23","1022.1","15","019.1","15"," 12.8","23","  8.9","23"," 14.0"," 25.1","  80.6"," ","  53.6","*"," 0.00","G","999.9","000000"
"03772099999","2011-06-05","51.4775","-0.461389","25.29","HEATHROW, UK","  58.2","24","  50.7","24","1012.9","12","009.9","12","  9.6","24","  7.9","24"," 12.0","999.9","  67.1"," ","  51.8","*"," 0.00","G","999.9","010000"
"03772099999","2011-06-06","51.4775","-0.461389","25.29","HEATHROW, UK","  53.4","24","  47.3","24","1006.2"," 9","003.2"," 9","  7.5","24","  5.0","24","  8.0","999.9","  60.1"," ","  48.2","*"," 0.71","G","999.9","010000"
"03772099999","2011-06-07","51.4775","-0.461389","25.29","HEATHROW, UK","  57.6","24","  45.6","24","1004.2","10","001.2","10"," 10.6","24","  9.3","24"," 15.9"," 25.1","  67.1"," ","  50.0"," "," 0.37","G","999.9","000000"
"03772099999","2011-06-08","51.4775","-0.461389","25.29","HEATHROW, UK","  55.5","24","  46.2","24","1005.9","15","002.9","15"," 14.2","24"," 10.2","24"," 15.0","999.9","  64.8"," ","  47.1"," "," 0.00","G","999.9","010000"
"03772099999","2011-06-09","51.4775","-0.461389","25.29","HEATHROW, UK","  55.7","24","  45.2","24","1013.0"," 7","010.0"," 7"," 11.2","24","  8.2","24"," 13.0","999.9","  64.2"," ","  48.9"," "," 0.07","G","999.9","010000"
"03772099999","2011-06-10","51.4775","-0.461389","25.29","HEATHROW, UK","  52.6","24","  43.9","24","1014.8","10","011.7","10"," 11.0","24","  5.1","24"," 11.1","999.9","  60.8","*","  46.2"," "," 0.02","G","999.9","010010"
"03772099999","2011-06-11","51.4775","-0.461389","25.29","HEATHROW, UK","  54.3","24","  42.3","24","1016.3","15","013.3","15"," 13.9","24","  6.8","24"," 11.1","999.9","  66.0"," ","  45.0"," "," 0.10","G","999.9","010000"
"03772099999","2011-06-12","51.4775","-0.461389","25.29","HEATHROW, UK","  53.2","24","  49.4","24","1014.2"," 8","011.1"," 8","  8.4","24"," 10.0","24"," 19.0"," 29.9","  59.0","*","  44.6"," "," 0.00","G","999.9","010000"
"03772099999","2011-06-13","51.4775","-0.461389","25.29","HEATHROW, UK","  62.7","24","  54.1","24","1013.1"," 7","010.1"," 7"," 11.0","24"," 10.5","24"," 15.9"," 25.1","  71.1"," ","  53.6","*"," 0.24","G","999.9","010000"
"03772099999","2011-06-14","51.4775","-0.461389","25.29","HEATHROW, UK","  61.8","24","  48.4","24","1018.2","13","015.2","13"," 13.5","24","  5.6","24"," 11.1","999.9","  73.4"," ","  48.2","*"," 0.00","G","999.9","000000"
"03772099999","2011-06-15","51.4775","-0.461389","25.29","HEATHROW, UK","  62.0","24","  55.3","24","1015.3"," 7","012.3"," 7","  9.3","24","  9.3","24"," 15.0"," 22.0","  68.4"," ","  57.2"," "," 0.00","G","999.9","010000"
"03772099999","2011-06-16","51.4775","-0.461389","25.29","HEATHROW, UK","  56.2","24","  50.5","24","1010.6"," 7","007.6"," 7","  7.3","24","  8.3","24"," 16.9","999.9","  63.9"," ","  50.0","*"," 0.01","G","999.9","010000"
"03772099999","2011-06-17","51.4775","-0.461389","25.29","HEATHROW, UK","  54.6","24","  51.3","24","1006.8"," 5","003.8"," 5","  7.4","24","  7.7","24"," 12.0"," 20.0","  59.7"," ","  49.5"," "," 0.56","G","999.9","010000"
"03772099999","2011-06-18","51.4775","-0.461389","25.29","HEATHROW, UK","  57.0","24","  49.4","24","1001.9","10","998.9","10"," 10.9","24"," 13.4","24"," 19.0"," 26.0","  65.5"," ","  51.3"," "," 0.31","G","999.9","010000"
"03772099999","2011-06-19","51.4775","-0.461389","25.29","HEATHROW, UK","  58.8","24","  48.4","24","1011.6","10","008.6","10"," 12.3","24"," 11.2","24"," 15.0","999.9","  66.2"," ","  51.6"," "," 0.06","G","999.9","010000"
"03772099999","2011-06-20","51.4775","-0.461389","25.29","HEATHROW, UK","  59.0","23","  52.5","23","1011.6","10","008.7","10"," 11.8","23","  5.7","23"," 11.1","999.9","  70.3"," ","  49.1"," "," 0.00","G","999.9","010000"
"03772099999","2011-06-21","51.4775","-0.461389","25.29","HEATHROW, UK","  62.4","24","  52.3","24","1010.2"," 9","007.2"," 9"," 11.1","24"," 12.9","24"," 21.0"," 28.9","  70.7"," ","  55.4","*"," 0.12","G","999.9","010000"
"03772099999","2011-06-22","51.4775","-0.461389","25.29","HEATHROW, UK","  59.3","24","  51.7","24","1009.5","11","006.5","11"," 11.8","24"," 11.4","24"," 16.9"," 23.9","  66.2","*","  53.2"," "," 0.00","G","999.9","010000"
"03772099999","2011-06-23","51.4775","-0.461389","25.29","HEATHROW, UK","  58.5","24","  48.1","24","1016.3","12","013.3","12"," 13.6","24"," 11.0","24"," 15.9"," 26.0","  66.6"," ","  51.8","*"," 0.16","G","999.9","010000"
"03772099999","2011-06-24","51.4775","-0.461389","25.29","HEATHROW, UK","  57.4","24","  47.3","24","1022.5"," 9","019.4"," 9"," 10.0","24","  8.8","24"," 15.0","999.9","  67.3"," ","  48.2"," "," 0.07","G","999.9","010000"
"03772099999","2011-06-25","51.4775","-0.461389","25.29","HEATHROW, UK","  63.4","24","  57.6","24","1021.1","15","018.1","15"," 12.5","24"," 11.4","24"," 18.1"," 23.9","  75.0"," ","  52.2"," "," 0.00","G","999.9","010000"
"03772099999","2011-06-26","51.4775","-0.461389","25.29","HEATHROW, UK","  71.1","24","  59.6","24","1020.8","10","017.8","10"," 11.7","24","  6.3","24"," 11.1"," 19.0","  83.1"," ","  59.0","*"," 0.01","G","999.9","000000"
"03772099999","2011-06-27","51.4775","-0.461389","25.29","HEATHROW, UK","  76.6","24","  61.6","24","1013.2","13","010.3","13"," 11.9","24","  7.0","24"," 12.0","999.9","  88.2"," ","  66.2","*"," 0.00","G","999.9","010000"
"03772099999","2011-06-28","51.4775","-0.461389","25.29","HEATHROW, UK","  63.7","24","  58.5","24","1015.5","12","012.5","12","  7.0","24","  5.3","24","  9.9","999.9","  68.2"," ","  57.2","*"," 0.31","F","999.9","010000"
"03772099999","2011-06-29","51.4775","-0.461389","25.29","HEATHROW, UK","  60.4","24","  44.6","24","1022.3","13","019.3","13"," 14.1","24","  7.4","24"," 11.1","999.9","  68.9"," ","  50.0","*"," 0.00","F","999.9","000000"
"03772099999","2011-06-30","51.4775","-0.461389","25.29","HEATHROW, UK","  59.2","23","  45.2","23","1025.2"," 7","022.1"," 7","  9.6","23","  5.7","23","  8.9","999.9","  68.5"," ","  49.3"," "," 0.00","G","999.9","000000"
"03772099999","2011-07-01","51.4775","-0.461389","25.29","HEATHROW, UK","  60.5","24","  43.1","24","1025.3"," 9","022.3"," 9"," 10.5","24","  4.9","24","  8.0","999.9","  69.3"," ","  49.8"," "," 0.00","G","999.9","000000"
"03772099999","2011-07-02","51.4775","-0.461389","25.29","HEATHROW, UK","  63.7","24","  47.0","24","1019.9"," 8","016.9"," 8","  9.2","24","  4.4","24"," 12.0","999.9","  73.4","*","  55.4","*"," 0.00","G","999.9","000000"
"03772099999","2011-07-03","51.4775","-0.461389","25.29","HEATHROW, UK","  65.4","24","  48.4","24","1017.7"," 9","014.8"," 9","  9.4","24","  4.7","24","  8.0","999.9","  75.4"," ","  51.8","*"," 0.00","G","999.9","000000"
"03772099999","2011-07-04","51.4775","-0.461389","25.29","HEATHROW, UK","  67.5","24","  49.7","24","1017.0","11","014.0","11","  9.2","24","  5.1","24","  9.9"," 18.1","  77.9"," ","  56.1"," "," 0.00","G","999.9","000000"
"03772099999","2011-07-05","51.4775","-0.461389","25.29","HEATHROW, UK","  64.1","24","  53.0","24","1011.7","10","008.7","10","  8.3","24","  7.2","24"," 15.0","999.9","  78.6"," ","  54.0"," "," 0.00","G","999.9","010000"
"03772099999","2011-07-06","51.4775","-0.461389","25.29","HEATHROW, UK","  61.4","24","  50.4","24","1005.4","11","002.4","11","  9.7","24"," 12.9","24"," 20.0"," 30.9","  69.4"," ","  55.2"," "," 0.20","G","999.9","010000"
"03772099999","2011-07-07","51.4775","-0.461389","25.29","HEATHROW, UK","  60.5","24","  53.6","24","1003.5"," 7","000.5"," 7","  9.4","24"," 11.6","24"," 15.9","999.9","  68.7"," ","  56.3","*"," 0.00","G","999.9","010000"
"03772099999","2011-07-08","51.4775","-0.461389","25.29","HEATHROW, UK","  60.1","24","  52.7","24","1004.8"," 5","001.8"," 5","  8.5","24"," 11.8","24"," 22.0"," 30.9","  67.6"," ","  55.0"," "," 0.09","G","999.9","010000"
"03772099999","2011-07-09","51.4775","-0.461389","25.29","HEATHROW, UK","  62.4","24","  53.2","24","1011.6"," 8","008.7"," 8","  8.4","24"," 10.4","24"," 14.0"," 22.9","  71.8"," ","  55.0"," "," 0.03","G","999.9","010000"
"03772099999","2011-07-10","51.4775","-0.461389","25.29","HEATHROW, UK","  63.2","24","  53.1","24","1017.7"," 9","014.7"," 9","  8.3","24","  6.2","24"," 12.0","999.9","  73.2"," ","  53.6","*"," 0.00","G","999.9","000000"
"03772099999","2011-07-11","51.4775","-0.461389","25.29","HEATHROW, UK","  66.3","24","  50.1","24","1020.0"," 9","017.0"," 9","  8.4","24","  4.4","24","  8.0","999.9","  76.3"," ","  53.6","*"," 0.00","G","999.9","000000"
"03772099999","2011-07-12","51.4775","-0.461389","25.29","HEATHROW, UK","  63.0","24","  52.1","24","1018.0"," 9","015.0"," 9","  9.4","24","  7.9","24"," 12.0"," 21.0","  67.5"," ","  57.2","*"," 0.00","G","999.9","000000"
"03772099999","2011-07-13","51.4775","-0.461389","25.29","HEATHROW, UK","  59.7","24","  45.5","24","1019.3"," 9","016.3"," 9","  9.8","24","  6.7","24","  9.9"," 19.0","  65.1"," ","  55.2"," "," 0.00","G","999.9","000000"
"03772099999","2011-07-14","51.4775","-0.461389","25.29","HEATHROW, UK","  63.6","24","  45.1","24","1018.9"," 8","015.9"," 8","  9.0","24","  6.4","24"," 11.1","999.9","  75.2","*","  51.8","*"," 0.00","G","999.9","000000"
"03772099999","2011-07-15","51.4775","-0.461389","25.29","HEATHROW, UK","  64.9","24","  48.6","24","1016.4","12","013.4","12","  9.9","24","  8.2","24"," 15.0"," 21.0","  77.5"," ","  51.8","*"," 0.00","G","999.9","010000"
"03772099999","2011-07-16","51.4775","-0.461389","25.29","HEATHROW, UK","  60.8","24","  55.9","24","1000.6","11","997.7","11"," 11.9","24"," 10.9","24"," 19.0"," 22.0","  67.8"," ","  55.4","*"," 0.02","G","999.9","010000"
"03772099999","2011-07-17","51.4775","-0.461389","25.29","HEATHROW, UK","  59.5","24","  53.1","24"," 994.2"," 6","991.3"," 6"," 10.1","24"," 12.6","24"," 20.0"," 26.0","  66.7"," ","  54.9"," "," 0.33","G","999.9","010000"
"03772099999","2011-07-18","51.4775","-0.461389","25.29","HEATHROW, UK","  59.2","24","  53.4","24"," 996.6","10","993.6","10"," 11.6","24"," 12.9","24"," 18.1","999.9","  67.3"," ","  55.4","*"," 0.20","G","999.9","010000"
"03772099999","2011-07-19","51.4775","-0.461389","25.29","HEATHROW, UK","  58.9","24","  54.4","24","1004.7"," 6","001.7"," 6","  7.7","24","  4.6","24","  9.9","999.9","  68.0","*","  51.8","*"," 0.07","G","999.9","010000"
"03772099999","2011-07-20","51.4775","-0.461389","25.29","HEATHROW, UK","  58.9","24","  52.9","24","1009.4"," 6","006.4"," 6","  8.5","24","  5.0","24","  9.9","999.9","  64.6"," ","  53.6","*"," 0.83","G","999.9","010000"
"03772099999","2011-07-21","51.4775","-0.461389","25.29","HEATHROW, UK","  59.6","24","  54.6","24","1012.2"," 8","009.2"," 8","  7.5","24","  4.1","24","  8.0","999.9","  66.2"," ","  55.4","*"," 0.02","G","999.9","010000"
"03772099999","2011-07-22","51.4775","-0.461389","25.29","HEATHROW, UK","  59.9","24","  48.1","24","1016.6"," 8","013.6"," 8","  8.9","24","  4.9","24","  9.9"," 16.9","  69.8","*","  51.4"," "," 0.09","G","999.9","010000"
"03772099999","2011-07-23","51.4775","-0.461389","25.29","HEATHROW, UK","  59.7","24","  47.1","24","1013.5","12","010.5","12"," 11.4","24","  5.5","24"," 11.1","999.9","  66.0"," ","  51.8","*"," 0.00","G","999.9","010000"
"03772099999","2011-07-24","51.4775","-0.461389","25.29","HEATHROW, UK","  62.5","24","  48.3","24","1009.9"," 9","007.0"," 9"," 10.1","24","  7.2","24","  9.9","999.9","  75.0"," ","  49.1"," "," 0.02","G","999.9","000000"
"03772099999","2011-07-25","51.4775","-0.461389","25.29","HEATHROW, UK","  64.1","24","  45.6","24","1009.2","14","006.3","14"," 11.1","24","  5.5","24","  8.0","999.9","  75.2"," ","  51.6"," "," 0.00","G","999.9","000000"
"03772099999","2011-07-26","51.4775","-0.461389","25.29","HEATHROW, UK","  62.7","24","  52.7","24","1015.9","14","012.9","14"," 10.9","24","  4.8","24","  7.0","999.9","  68.9"," ","  57.0"," "," 0.00","G","999.9","000000"
"03772099999","2011-07-27","51.4775","-0.461389","25.29","HEATHROW, UK","  63.2","24","  53.4","24","1020.4"," 7","017.4"," 7","  8.7","24","  4.8","24","  8.9","999.9","  69.8","*","  58.6"," "," 0.00","G","999.9","000000"
"03772099999","2011-07-28","51.4775","-0.461389","25.29","HEATHROW, UK","  66.7","24","  53.7","24","1022.0","12","019.0","12","  8.8","24","  4.3","24","  7.0","999.9","  76.1"," ","  58.1"," "," 0.00","G","999.9","000000"
"03772099999","2011-07-29","51.4775","-0.461389","25.29","HEATHROW, UK","  63.2","24","  53.4","24","1023.3","11","020.3","11","  8.2","24","  5.6","24","  8.9","999.9","  70.0"," ","  56.7"," "," 0.00","G","999.9","010000"
"03772099999","2011-07-30","51.4775","-0.461389","25.29","HEATHROW, UK","  62.7","24","  46.4","24","1022.4","12","019.4","12"," 10.0","24","  4.4","24","  8.0","999.9","  72.7"," ","  53.6"," "," 0.00","F","999.9","000000"
"03772099999","2011-07-31","51.4775","-0.461389","25.29","HEATHROW, UK","  65.5","24","  52.4","24","1016.5","13","013.6","13","  7.5","24","  6.6","24","  9.9","999.9","  76.1"," ","  53.6","*"," 0.00","G","999.9","000000"
"03772099999","2011-08-01","51.4775","-0.461389","25.29","HEATHROW, UK","  70.6","23","  51.0","23","1013.1","15","010.2","15"," 10.0","23","  6.9","23"," 13.0","999.9","  84.2"," ","  60.8"," "," 0.00","G","999.9","000000"
"03772099999","2011-08-02","51.4775","-0.461389","25.29","HEATHROW, UK","  72.6","24","  57.9","24","1013.7","13","010.8","13"," 10.5","24","  4.4","24","  9.9","999.9","  82.9"," ","  62.6","*"," 0.00","E","999.9","010000"
"03772099999","2011-08-03","51.4775","-0.461389","25.29","HEATHROW, UK","  71.7","23","  55.6","23","1014.1"," 7","011.2"," 7","  8.4","23","  6.4","23"," 14.0"," 21.0","  86.2"," ","  60.8","*"," 0.00","G","999.9","000000"
"03772099999","2011-08-04","51.4775","-0.461389","25.29","HEATHROW, UK","  65.1","24","  60.1","24","1009.8"," 8","006.9"," 8"," 10.5","24","  9.5","24"," 15.9","999.9","  71.2"," ","  59.0","*"," 0.47","F","999.9","010000"
"03772099999","2011-08-05","51.4775","-0.461389","25.29","HEATHROW, UK","  66.3","24","  55.2","24","1011.1","12","008.2","12"," 10.7","24","  6.4","24"," 12.0","999.9","  77.9"," ","  58.1"," "," 0.00","F","999.9","000000"
"03772099999","2011-08-06","51.4775","-0.461389","25.29","HEATHROW, UK","  61.9","24","  52.9","24","1005.2","13","002.2","13"," 11.5","24","  8.7","24"," 12.0","999.9","  69.1"," ","  57.2","*"," 0.00","G","999.9","010000"
"03772099999","2011-08-07","51.4775","-0.461389","25.29","HEATHROW, UK","  59.5","24","  51.7","24","1002.5","10","999.5","10"," 12.0","24","  9.5","24"," 18.1"," 23.9","  68.5"," ","  53.8"," "," 0.12","F","999.9","010000"
"03772099999","2011-08-08","51.4775","-0.461389","25.29","HEATHROW, UK","  61.0","24","  50.5","24","1006.2","11","003.3","11"," 11.3","24"," 11.1","24"," 18.1","999.9","  71.4"," ","  51.6"," "," 0.06","F","999.9","010000"
"03772099999","2011-08-09","51.4775","-0.461389","25.29","HEATHROW, UK","  61.3","24","  44.6","24","1021.6","10","018.6","10"," 10.4","24","  7.4","24"," 11.1","999.9","  70.9"," ","  51.8","*"," 0.00","F","999.9","000000"
"03772099999","2011-08-10","51.4775","-0.461389","25.29","HEATHROW, UK","  62.9","24","  49.9","24","1022.4","16","019.4","16"," 10.3","24","  9.7","24"," 16.9"," 22.9","  75.2","*","  50.0","*"," 0.00","G","999.9","000000"
"03772099999","2011-08-11","51.4775","-0.461389","25.29","HEATHROW, UK","  64.4","24","  57.4","24","1010.3","13","007.4","13"," 11.6","24"," 11.6","24"," 16.9"," 26.0","  72.7"," ","  59.0","*"," 0.00","G","999.9","010000"
"03772099999","2011-08-12","51.4775","-0.461389","25.29","HEATHROW, UK","  65.2","24","  58.3","24","1010.6","13","007.7","13","  9.3","24","  7.4","24"," 11.1","999.9","  75.2","*","  60.4"," "," 0.05","G","999.9","010000"
"03772099999","2011-08-13","51.4775","-0.461389","25.29","HEATHROW, UK","  64.4","24","  57.3","24","1006.1","17","003.2","17"," 17.2","24","  8.8","24"," 14.0"," 16.9","  72.0"," ","  59.0","*"," 0.00","G","999.9","010000"
"03772099999","2011-08-14","51.4775","-0.461389","25.29","HEATHROW, UK","  64.1","24","  51.8","24","1007.2","13","004.3","13"," 14.9","24","  7.6","24"," 13.0"," 19.0","  73.8"," ","  55.4","*"," 0.00","F","999.9","000000"
"03772099999","2011-08-15","51.4775","-0.461389","25.29","HEATHROW, UK","  62.0","24","  49.7","24","1014.9","10","011.9","10"," 11.6","24","  7.6","24"," 14.0","999.9","  73.2"," ","  50.0","*"," 0.00","G","999.9","010000"
"03772099999","2011-08-16","51.4775","-0.461389","25.29","HEATHROW, UK","  63.5","24","  56.7","24","1016.4","12","013.4","12"," 10.5","24","  9.4","24"," 15.0"," 23.9","  71.6","*","  57.0"," "," 0.00","F","999.9","000000"
"03772099999","2011-08-17","51.4775","-0.461389","25.29","HEATHROW, UK","  60.9","24","  50.6","24","1017.1","10","014.1","10"," 10.8","24","  4.8","24","  7.0"," 18.1","  70.0"," ","  55.4","*"," 0.00","G","999.9","010000"
"03772099999","2011-08-18","51.4775","-0.461389","25.29","HEATHROW, UK","  56.5","24","  51.6","24","1015.5"," 8","012.4"," 8","  9.0","24","  6.6","24"," 13.0"," 23.9","  61.9"," ","  53.6","*"," 0.07","G","999.9","010000"
"03772099999","2011-08-19","51.4775","-0.461389","25.29","HEATHROW, UK","  59.7","24","  51.0","24","1018.8","11","015.8","11","  9.2","24","  6.8","24"," 12.0"," 21.0","  71.1"," ","  47.7"," "," 0.62","G","999.9","010000"
"03772099999","2011-08-20","51.4775","-0.461389","25.29","HEATHROW, UK","  62.8","24","  54.5","24","1018.0"," 9","015.0"," 9","  9.7","24","  6.4","24"," 12.0"," 14.0","  70.9"," ","  57.2"," "," 0.00","G","999.9","010000"
"03772099999","2011-08-21","51.4775","-0.461389","25.29","HEATHROW, UK","  64.9","24","  54.1","24","1014.0"," 7","011.0"," 7","  9.8","24","  6.3","24"," 14.0","999.9","  75.4"," ","  55.4","*"," 0.13","G","999.9","010000"
"03772099999","2011-08-22","51.4775","-0.461389","25.29","HEATHROW, UK","  63.3","24","  51.2","24","1018.4","11","015.4","11"," 11.2","24","  5.8","24"," 11.1","999.9","  74.3"," ","  51.6"," "," 0.00","G","999.9","010000"
"03772099999","2011-08-23","51.4775","-0.461389","25.29","HEATHROW, UK","  59.3","24","  55.6","24","1013.6","10","010.6","10","  6.2","24","  5.6","24"," 11.1","999.9","  61.0","*","  55.4","*"," 0.20","F","999.9","010000"
"03772099999","2011-08-24","51.4775","-0.461389","25.29","HEATHROW, UK","  61.6","24","  53.6","24","1013.1","10","010.1","10","  8.1","24","  8.1","24"," 14.0","999.9","  71.6"," ","  57.0"," "," 0.00","E","999.9","010000"
"03772099999","2011-08-25","51.4775","-0.461389","25.29","HEATHROW, UK","  61.0","24","  52.7","24","1009.8","10","006.8","10"," 11.1","24","  8.1","24"," 14.0"," 20.0","  69.1"," ","  55.4","*"," 0.26","F","999.9","010000"
"03772099999","2011-08-26","51.4775","-0.461389","25.29","HEATHROW, UK","  58.1","24","  54.6","24","1004.5","13","001.6","13"," 10.0","24","  4.0","24","  8.9","999.9","  63.5"," ","  53.6","*"," 0.40","F","999.9","010000"
"03772099999","2011-08-27","51.4775","-0.461389","25.29","HEATHROW, UK","  58.2","24","  50.2","24","1012.8","14","009.8","14"," 10.3","24","  8.6","24"," 18.1","999.9","  66.2"," ","  52.0"," "," 0.22","F","999.9","010000"
"03772099999","2011-08-28","51.4775","-0.461389","25.29","HEATHROW, UK","  58.3","23","  50.7","23","1015.9","13","012.8","13"," 11.3","23","  9.6","23"," 15.0","999.9","  67.1"," ","  53.6","*"," 0.03","F","999.9","010000"
"03772099999","2011-08-29","51.4775","-0.461389","25.29","HEATHROW, UK","  57.6","24","  45.1","24","1017.6","12","014.6","12"," 11.0","24","  7.6","24"," 11.1","999.9","  64.6"," ","  49.8"," "," 0.00","F","999.9","000000"
"03772099999","2011-08-30","51.4775","-0.461389","25.29","HEATHROW, UK","  59.0","24","  47.2","24","1017.4","16","014.4","16"," 14.5","24","  4.5","24","  7.0","999.9","  63.1"," ","  53.6","*"," 0.00","G","999.9","000000"
"03772099999","2011-08-31","51.4775","-0.461389","25.29","HEATHROW, UK","  59.8","24","  48.9","24","1015.7"," 9","012.8"," 9"," 10.0","23","  3.5","24","  6.0","999.9","  65.3"," ","  53.6","*"," 0.00","G","999.9","000000"
"03772099999","2011-09-01","51.4775","-0.461389","25.29","HEATHROW, UK","  59.8","23","  51.0","23","1014.2","14","011.2","14"," 11.5","23","  7.1","23"," 11.1","999.9","  70.2"," ","  51.4"," "," 0.00","G","999.9","000000"
"03772099999","2011-09-02","51.4775","-0.461389","25.29","HEATHROW, UK","  66.3","24","  56.2","24","1010.8","11","007.9","11","  8.0","24","  5.6","24"," 11.1"," 19.0","  80.6"," ","  55.2"," "," 0.00","G","999.9","000000"
"03772099999","2011-09-03","51.4775","-0.461389","25.29","HEATHROW, UK","  65.2","24","  57.0","24","1008.7","15","005.8","15","  9.1","24","  8.6","24"," 15.9","999.9","  75.4"," ","  58.5"," "," 0.00","G","999.9","000000"
"03772099999","2011-09-04","51.4775","-0.461389","25.29","HEATHROW, UK","  61.8","24","  56.4","24","1006.5","14","003.5","14"," 11.2","24","  8.8","24"," 14.0"," 18.1","  66.9"," ","  57.2","*"," 0.16","F","999.9","010000"
"03772099999","2011-09-05","51.4775","-0.461389","25.29","HEATHROW, UK","  58.9","24","  49.8","24","1012.1"," 6","009.1"," 6","  9.4","24"," 13.4","24"," 22.9"," 33.0","  67.5"," ","  51.8","*"," 0.02","F","999.9","010000"
"03772099999","2011-09-06","51.4775","-0.461389","25.29","HEATHROW, UK","  60.4","24","  55.2","24","1006.0"," 7","003.0"," 7","  8.3","24"," 15.3","24"," 23.9"," 34.0","  65.7"," ","  54.9","*"," 0.65","F","999.9","010000"
"03772099999","2011-09-07","51.4775","-0.461389","25.29","HEATHROW, UK","  57.2","24","  50.2","24","1011.1","15","008.1","15"," 12.6","24"," 13.6","24"," 16.9","999.9","  62.8"," ","  53.4"," "," 0.01","F","999.9","010000"
"03772099999","2011-09-08","51.4775","-0.461389","25.29","HEATHROW, UK","  61.3","24","  54.6","24","1008.9","11","006.0","11"," 11.0","24","  9.9","24"," 13.0","999.9","  69.4"," ","  54.9"," "," 0.02","G","999.9","010000"
"03772099999","2011-09-09","51.4775","-0.461389","25.29","HEATHROW, UK","  65.6","24","  60.7","24","1009.6","13","006.6","13"," 11.9","24","  7.7","24"," 14.0","999.9","  70.7"," ","  60.6"," "," 0.00","G","999.9","010000"
"03772099999","2011-09-10","51.4775","-0.461389","25.29","HEATHROW, UK","  66.1","24","  60.4","24","1004.5","11","001.6","11"," 10.2","24"," 10.1","24"," 15.9"," 25.1","  72.9"," ","  60.6","*"," 0.01","G","999.9","010000"
"03772099999","2011-09-11","51.4775","-0.461389","25.29","HEATHROW, UK","  62.5","24","  54.2","24","1005.3","10","002.3","10","  9.1","24"," 12.5","24"," 20.0"," 29.9","  69.8"," ","  58.6"," "," 0.14","G","999.9","010000"
"03772099999","2011-09-12","51.4775","-0.461389","25.29","HEATHROW, UK","  64.2","24","  54.0","24","1005.1"," 7","002.2"," 7","  9.4","24"," 18.5","24"," 26.0"," 35.9","  71.1"," ","  57.2","*"," 0.02","G","999.9","010000"
"03772099999","2011-09-13","51.4775","-0.461389","25.29","HEATHROW, UK","  58.4","24","  47.5","24","1012.5"," 8","009.5"," 8","  9.0","24"," 14.8","24"," 22.9"," 32.1","  67.1"," ","  53.2","*"," 0.01","G","999.9","010000"
"03772099999","2011-09-14","51.4775","-0.461389","25.29","HEATHROW, UK","  58.0","24","  45.9","24","1017.7"," 9","014.7"," 9"," 10.6","24","  9.8","24"," 13.0","999.9","  68.0"," ","  50.0"," "," 0.00","G","999.9","000000"
"03772099999","2011-09-15","51.4775","-0.461389","25.29","HEATHROW, UK","  57.2","24","  47.3","24","1020.1"," 7","017.0"," 7","  8.9","24","  4.1","24","  8.0","999.9","  68.2"," ","  46.4","*"," 0.00","G","999.9","000000"
"03772099999","2011-09-16","51.4775","-0.461389","25.29","HEATHROW, UK","  62.0","24","  52.4","24","1012.4"," 6","009.4"," 6","  8.9","24","  8.5","24"," 15.0","999.9","  72.9"," ","  51.8","*"," 0.02","G","999.9","010010"
"03772099999","2011-09-17","51.4775","-0.461389","25.29","HEATHROW, UK","  56.7","24","  50.0","24","1004.9","14","001.9","14"," 13.9","24"," 10.4","24"," 15.9","999.9","  67.3"," ","  48.2","*"," 0.01","G","999.9","010000"
"03772099999","2011-09-18","51.4775","-0.461389","25.29","HEATHROW, UK","  53.8","24","  47.5","24","1004.4","12","001.4","12"," 13.3","24","  5.2","24","  8.0","999.9","  62.6"," ","  45.3"," "," 0.00","G","999.9","000000"
"03772099999","2011-09-19","51.4775","-0.461389","25.29","HEATHROW, UK","  57.3","24","  50.3","24","1014.3","13","011.3","13"," 12.9","24","  9.9","24"," 15.0","999.9","  66.9"," ","  48.2","*"," 0.00","G","999.9","000000"
"03772099999","2011-09-20","51.4775","-0.461389","25.29","HEATHROW, UK","  62.3","24","  55.7","24","1017.8","11","014.8","11"," 11.1","24"," 11.1","24"," 16.9","999.9","  68.4"," ","  57.2","*"," 0.00","F","999.9","010000"
"03772099999","2011-09-21","51.4775","-0.461389","25.29","HEATHROW, UK","  59.0","24","  51.8","24","1017.2"," 7","014.2"," 7","  8.5","24","  8.9","24"," 18.1","999.9","  65.3"," ","  55.4"," "," 0.10","F","999.9","010000"
"03772099999","2011-09-22","51.4775","-0.461389","25.29","HEATHROW, UK","  58.8","24","  49.5","24","1019.4","10","016.4","10","  9.1","24","  9.0","24"," 15.0","999.9","  66.6"," ","  51.8","*"," 0.00","F","999.9","010000"
"03772099999","2011-09-23","51.4775","-0.461389","25.29","HEATHROW, UK","  56.4","24","  48.9","21","1017.5","12","014.5","12","  9.6","24","  6.1","24","  9.9","999.9","  66.2","*","  47.1"," "," 0.00","G","999.9","000000"
"03772099999","2011-09-24","51.4775","-0.461389","25.29","HEATHROW, UK","  57.7","24","  51.4","24","1014.4","11","011.4","11","  7.5","24","  5.0","24","  9.9","999.9","  69.6"," ","  46.4","*"," 0.00","F","999.9","000000"
"03772099999","2011-09-25","51.4775","-0.461389","25.29","HEATHROW, UK","  61.7","24","  55.0","24","1015.6"," 9","012.7"," 9","  9.3","24","  8.3","24"," 15.9"," 22.9","  71.2"," ","  51.8"," "," 0.01","G","999.9","000000"
"03772099999","2011-09-26","51.4775","-0.461389","25.29","HEATHROW, UK","  63.9","24","  57.8","24","1019.6","15","016.6","15"," 12.4","24","  6.2","24","  9.9","999.9","  72.9"," ","  56.8","*"," 0.00","G","999.9","010000"
"03772099999","2011-09-27","51.4775","-0.461389","25.29","HEATHROW, UK","  60.8","24","  56.7","24","1027.9"," 7","024.9"," 7","  5.5","24","  4.6","24","  7.0","999.9","  71.2"," ","  53.2"," "," 0.17","G","999.9","100000"
"03772099999","2011-09-28","51.4775","-0.461389","25.29","HEATHROW, UK","  65.8","24","  57.0","24","1026.1","14","023.0","14","  8.0","24","  5.0","24"," 11.1","999.9","  78.6"," ","  53.6","*"," 0.01","G","999.9","100000"
"03772099999","2011-09-29","51.4775","-0.461389","25.29","HEATHROW, UK","  67.3","24","  56.8","24","1023.5"," 6","020.5"," 6","  6.2","24","  4.2","24","  9.9","999.9","  82.6"," ","  54.9"," "," 0.00","G","999.9","000000"
"03772099999","2011-09-30","51.4775","-0.461389","25.29","HEATHROW, UK","  67.6","24","  55.2","24","1022.7","11","019.8","11","  7.1","24","  4.4","24","  8.9","999.9","  83.3"," ","  54.5"," "," 0.00","G","999.9","000000"
"03772099999","2011-10-01","51.4775","-0.461389","25.29","HEATHROW, UK","  67.8","24","  54.6","24","1024.3"," 6","021.3"," 6","  6.8","24","  3.0","24","  8.0","999.9","  83.8"," ","  55.2"," "," 0.00","G","999.9","000000"
"03772099999","2011-10-02","51.4775","-0.461389","25.29","HEATHROW, UK","  67.1","24","  53.5","24","1023.8"," 6","020.8"," 6","  7.0","24","  5.3","24"," 13.0","999.9","  82.9"," ","  54.7"," "," 0.00","G","999.9","000000"
"03772099999","2011-10-03","51.4775","-0.461389","25.29","HEATHROW, UK","  67.0","24","  53.7","24","1018.0"," 5","015.1"," 5","  7.8","24","  9.2","24"," 15.9"," 26.0","  79.9"," ","  59.0","*"," 0.00","G","999.9","010000"
"03772099999","2011-10-04","51.4775","-0.461389","25.29","HEATHROW, UK","  62.1","24","  55.8","24","1020.1"," 6","017.1"," 6"," 10.7","24"," 10.5","24"," 15.0","999.9","  66.7"," ","  59.0","*"," 0.00","F","999.9","010000"
"03772099999","2011-10-05","51.4775","-0.461389","25.29","HEATHROW, UK","  63.3","24","  56.5","24","1016.6","11","013.6","11"," 14.4","24"," 13.8","24"," 21.0"," 28.9","  67.6"," ","  59.0","*"," 0.01","G","999.9","010000"
"03772099999","2011-10-06","51.4775","-0.461389","25.29","HEATHROW, UK","  55.7","24","  44.7","24","1010.0"," 4","007.1"," 4","  8.0","24"," 16.8","24"," 22.0"," 30.9","  62.6","*","  50.9","*"," 0.00","G","999.9","010000"
"03772099999","2011-10-07","51.4775","-0.461389","25.29","HEATHROW, UK","  52.9","23","  44.3","23","1018.0"," 8","014.9"," 8"," 12.0","23","  9.6","23"," 15.0"," 21.0","  62.1"," ","  48.2","*"," 0.02","G","999.9","010000"
"03772099999","2011-10-08","51.4775","-0.461389","25.29","HEATHROW, UK","  54.5","24","  47.0","24","1022.1","12","019.0","12"," 14.3","24","  8.5","24"," 13.0","999.9","  59.9","*","  48.2"," "," 0.00","G","999.9","010000"
"03772099999","2011-10-09","51.4775","-0.461389","25.29","HEATHROW, UK","  62.9","24","  57.2","24","1018.7","11","015.7","11"," 12.1","24"," 12.7","24"," 20.0","999.9","  70.0"," ","  57.2"," "," 0.02","G","999.9","010000"
"03772099999","2011-10-10","51.4775","-0.461389","25.29","HEATHROW, UK","  63.1","24","  54.7","24","1018.0"," 9","015.0"," 9"," 12.1","23"," 18.2","24"," 25.1"," 35.0","  68.7"," ","  60.6"," "," 0.02","G","999.9","000000"
"03772099999","2011-10-11","51.4775","-0.461389","25.29","HEATHROW, UK","  62.2","24","  54.9","24","1019.4","11","016.4","11"," 12.1","24"," 14.6","24"," 20.0"," 27.0","  68.0"," ","  59.0","*"," 0.00","G","999.9","010000"
"03772099999","2011-10-12","51.4775","-0.461389","25.29","HEATHROW, UK","  61.1","24","  54.8","24","1021.0"," 7","017.9"," 7"," 10.5","24","  9.5","24"," 14.0","999.9","  68.0"," ","  56.8","*"," 0.00","F","999.9","010000"
"03772099999","2011-10-13","51.4775","-0.461389","25.29","HEATHROW, UK","  58.4","24","  53.1","24","1028.8"," 7","025.7"," 7","  8.0","24","  5.1","24","  9.9","999.9","  64.2"," ","  51.8","*"," 0.00","F","999.9","010000"
"03772099999","2011-10-14","51.4775","-0.461389","25.29","HEATHROW, UK","  52.8","24","  42.1","24","1030.9","12","027.8","12"," 11.0","24","  5.7","24"," 13.0","999.9","  62.2"," ","  46.2"," "," 0.00","F","999.9","000000"
"03772099999","2011-10-15","51.4775","-0.461389","25.29","HEATHROW, UK","  51.9","24","  42.2","24","1025.6","10","022.5","10","  8.3","24","  4.1","24","  8.0","999.9","  64.4"," ","  42.1","*"," 0.00","G","999.9","000000"
"03772099999","2011-10-16","51.4775","-0.461389","25.29","HEATHROW, UK","  50.5","24","  45.9","24","1022.9"," 4","019.9"," 4","  5.5","24","  4.1","24"," 11.1","999.9","  64.8"," ","  40.5"," "," 0.00","F","999.9","100000"
"03772099999","2011-10-17","51.4775","-0.461389","25.29","HEATHROW, UK","  54.7","24","  47.5","24","1016.5","10","013.5","10"," 11.3","24"," 11.5","24"," 19.0"," 28.9","  63.3"," ","  42.8","*"," 0.00","G","999.9","010000"
"03772099999","2011-10-18","51.4775","-0.461389","25.29","HEATHROW, UK","  50.9","24","  39.9","24","1010.5"," 8","007.5"," 8"," 11.0","24"," 13.6","24"," 20.0"," 25.1","  57.2"," ","  45.0","*"," 0.12","F","999.9","010000"
"03772099999","2011-10-19","51.4775","-0.461389","25.29","HEATHROW, UK","  45.4","24","  38.1","24","1017.8"," 5","014.7"," 5","  9.4","24","  8.0","24"," 12.0","999.9","  56.7"," ","  37.4","*"," 0.00","G","999.9","010000"
"03772099999","2011-10-20","51.4775","-0.461389","25.29","HEATHROW, UK","  44.9","24","  36.7","24","1027.2"," 7","024.1"," 7"," 10.1","24","  5.8","24","  9.9","999.9","  55.0"," ","  35.6","*"," 0.01","G","999.9","000000"
"03772099999","2011-10-21","51.4775","-0.461389","25.29","HEATHROW, UK","  50.3","24","  41.9","24","1023.6"," 8","020.5"," 8"," 10.6","24","  6.9","24"," 12.0"," 22.0","  60.1"," ","  40.5"," "," 0.01","G","999.9","000000"
"03772099999","2011-10-22","51.4775","-0.461389","25.29","HEATHROW, UK","  49.9","24","  40.8","24","1015.9"," 7","012.9"," 7","  9.1","24","  8.3","24"," 14.0","999.9","  58.5"," ","  39.2","*"," 0.00","G","999.9","000000"
"03772099999","2011-10-23","51.4775","-0.461389","25.29","HEATHROW, UK","  57.2","24","  48.2","24","1006.1","11","003.2","11","  9.9","24"," 10.9","24"," 16.9","999.9","  68.0"," ","  44.6","*"," 0.00","G","999.9","000000"
"03772099999","2011-10-24","51.4775","-0.461389","25.29","HEATHROW, UK","  57.6","24","  49.0","24"," 995.6","16","992.6","16"," 11.0","24"," 12.4","24"," 16.9","999.9","  65.1"," ","  52.9","*"," 0.00","F","999.9","010000"
"03772099999","2011-10-25","51.4775","-0.461389","25.29","HEATHROW, UK","  55.1","24","  49.2","24"," 995.8","14","992.9","14"," 13.5","24","  8.2","24"," 13.0"," 19.0","  62.8"," ","  46.4","*"," 0.06","F","999.9","010000"
"03772099999","2011-10-26","51.4775","-0.461389","25.29","HEATHROW, UK","  49.5","24","  45.6","24","1005.3","12","002.3","12"," 11.1","24","  7.2","24"," 13.0","999.9","  54.9"," ","  44.6","*"," 0.12","F","999.9","010000"
"03772099999","2011-10-27","51.4775","-0.461389","25.29","HEATHROW, UK","  53.9","24","  50.7","24","1008.0"," 7","005.0"," 7","  7.4","24","  5.7","24"," 11.1","999.9","  56.3"," ","  48.9"," "," 0.03","F","999.9","010000"
"03772099999","2011-10-28","51.4775","-0.461389","25.29","HEATHROW, UK","  54.7","24","  48.6","24","1021.5","16","018.4","16","  7.9","24","  4.4","24","  7.0","999.9","  61.2"," ","  47.8","*"," 0.08","F","999.9","010000"
"03772099999","2011-10-29","51.4775","-0.461389","25.29","HEATHROW, UK","  56.3","24","  49.7","24","1020.9","10","017.8","10","  7.0","24","  8.8","24"," 16.9"," 20.0","  62.8"," ","  53.6","*"," 0.00","F","999.9","010000"
"03772099999","2011-10-30","51.4775","-0.461389","25.29","HEATHROW, UK","  59.4","24","  55.8","24","1018.0"," 9","015.0"," 9","  8.7","24","  9.3","24"," 13.0"," 15.9","  62.4"," ","  55.9"," "," 0.00","F","999.9","010000"
"03772099999","2011-10-31","51.4775","-0.461389","25.29","HEATHROW, UK","  58.9","24","  54.2","24","1012.1"," 8","009.1"," 8","  8.5","24","  9.0","24"," 13.0","999.9","  62.4"," ","  56.3","*"," 0.00","F","999.9","010000"
"03772099999","2011-11-01","51.4775","-0.461389","25.29","HEATHROW, UK","  54.7","24","  49.0","24","1008.5"," 8","005.5"," 8","  9.3","24","  6.5","24"," 11.1","999.9","  61.0"," ","  46.4","*"," 0.04","F","999.9","010000"
"03772099999","2011-11-02","51.4775","-0.461389","25.29","HEATHROW, UK","  53.4","24","  49.0","24","1002.0"," 5","999.0"," 5","  7.9","24","  9.5","24"," 18.1","999.9","  61.5"," ","  44.2"," "," 0.00","F","999.9","010000"
"03772099999","2011-11-03","51.4775","-0.461389","25.29","HEATHROW, UK","  59.0","24","  55.2","24"," 992.9"," 8","990.0"," 8","  9.1","24","  9.0","24"," 14.0","999.9","  64.4"," ","  53.6","*"," 0.11","F","999.9","010000"
"03772099999","2011-11-04","51.4775","-0.461389","25.29","HEATHROW, UK","  55.9","24","  52.7","24"," 997.1"," 8","994.2"," 8","  8.9","24","  7.1","24"," 12.0"," 20.0","  61.7"," ","  50.0","*"," 0.54","G","  0.4","010000"
"03772099999","2011-11-05","51.4775","-0.461389","25.29","HEATHROW, UK","  53.6","24","  50.5","24","1004.0"," 4","001.0"," 4","  3.3","24","  5.2","24","  9.9","999.9","  57.7"," ","  48.2","*"," 0.26","G","999.9","100000"
"03772099999","2011-11-06","51.4775","-0.461389","25.29","HEATHROW, UK","  50.8","24","  43.6","24","1021.8","12","018.8","12","  9.1","24","  7.3","24"," 11.1","999.9","  54.0"," ","  46.4","*"," 0.00","G","999.9","000000"
"03772099999","2011-11-07","51.4775","-0.461389","25.29","HEATHROW, UK","  52.0","24","  48.3","24","1020.9"," 5","017.8"," 5","  4.5","24","  6.7","24","  8.9","999.9","  55.6"," ","  49.6"," "," 0.00","F","999.9","010000"
"03772099999","2011-11-08","51.4775","-0.461389","25.29","HEATHROW, UK","  50.1","24","  48.0","24","1014.8"," 5","011.7"," 5","  3.1","24","  5.7","24","  8.0","999.9","  52.0","*","  48.2","*"," 0.02","G","999.9","010000"
"03772099999","2011-11-09","51.4775","-0.461389","25.29","HEATHROW, UK","  52.8","24","  49.7","24","1016.2","10","013.2","10","  6.4","24","  6.8","24"," 11.1","999.9","  60.6"," ","  48.2","*"," 0.00","G","999.9","010000"
"03772099999","2011-11-10","51.4775","-0.461389","25.29","HEATHROW, UK","  52.5","24","  49.6","24","1017.4","10","014.3","10","  4.5","24","  5.3","24","  8.9","999.9","  58.5"," ","  48.2","*"," 0.00","F","999.9","010000"
"03772099999","2011-11-11","51.4775","-0.461389","25.29","HEATHROW, UK","  50.0","24","  48.3","24","1016.2"," 8","013.1"," 8","  3.0","24","  8.0","24"," 12.0","999.9","  53.6","*","  44.4"," "," 0.01","G","999.9","110000"
"03772099999","2011-11-12","51.4775","-0.461389","25.29","HEATHROW, UK","  55.9","24","  53.5","24","1024.3","11","021.2","11","  3.9","24","  6.0","24","  9.9","999.9","  61.9"," ","  51.8"," "," 0.00","G","999.9","010000"
"03772099999","2011-11-13","51.4775","-0.461389","25.29","HEATHROW, UK","  53.9","24","  50.4","24","1027.6","13","024.5","13","  3.4","24","  7.0","24"," 11.1","999.9","  61.5"," ","  50.0","*"," 0.00","G","999.9","000000"
"03772099999","2011-11-14","51.4775","-0.461389","25.29","HEATHROW, UK","  48.6","24","  46.4","24","1022.3"," 6","019.3"," 6","  2.4","24","  7.0","24","  8.9","999.9","  50.2"," ","  44.6","*"," 0.00","G","999.9","010000"
"03772099999","2011-11-15","51.4775","-0.461389","25.29","HEATHROW, UK","  46.8","24","  42.8","24","1018.5"," 9","015.4"," 9","  3.8","24","  6.8","24"," 12.0","999.9","  54.3"," ","  41.0","*"," 0.00","F","999.9","000000"
"03772099999","2011-11-16","51.4775","-0.461389","25.29","HEATHROW, UK","  43.3","24","  41.0","24","1017.1"," 7","014.0"," 7","  2.6","24","  5.3","24","  8.0","999.9","  48.2","*","  39.2","*"," 0.00","G","999.9","010000"
"03772099999","2011-11-17","51.4775","-0.461389","25.29","HEATHROW, UK","  50.8","24","  46.3","24","1018.5"," 6","015.5"," 6","  5.9","24","  6.1","24"," 13.0","999.9","  58.8"," ","  44.1"," "," 0.00","G","999.9","100000"
"03772099999","2011-11-18","51.4775","-0.461389","25.29","HEATHROW, UK","  52.2","24","  48.0","24","1017.9"," 8","014.9"," 8","  8.8","24","  6.9","24"," 11.1","999.9","  59.4"," ","  44.6","*"," 0.00","G","999.9","000000"
"03772099999","2011-11-19","51.4775","-0.461389","25.29","HEATHROW, UK","  47.7","24","  45.2","24","1016.5","10","013.4","10","  5.1","24","  4.8","24","  7.0","999.9","  56.3"," ","  41.9"," "," 0.01","G","999.9","100000"
"03772099999","2011-11-20","51.4775","-0.461389","25.29","HEATHROW, UK","  41.4","24","  41.0","24","1018.6"," 8","015.5"," 8","  0.7","24","  2.1","24","  4.1","999.9","  45.5"," ","  35.6","*"," 0.01","G","999.9","110000"
"03772099999","2011-11-21","51.4775","-0.461389","25.29","HEATHROW, UK","  47.7","24","  45.9","24","9999.9"," 0","999.9"," 0","  1.9","24","  5.6","24","  8.9","999.9","  52.7"," ","  39.2","*"," 0.01","G","999.9","110000"
"03772099999","2011-11-22","51.4775","-0.461389","25.29","HEATHROW, UK","  51.2","24","  49.2","24","1018.6"," 5","015.6"," 5","  2.4","24","  3.4","24","  6.0","999.9","  55.4"," ","  42.8","*"," 0.00","G","999.9","110000"
"03772099999","2011-11-23","51.4775","-0.461389","25.29","HEATHROW, UK","  44.2","24","  42.2","24","1026.8"," 5","023.7"," 5","  4.4","24","  5.1","24","  8.9"," 16.9","  51.8","*","  36.7"," "," 0.00","F","999.9","110000"
"03772099999","2011-11-24","51.4775","-0.461389","25.29","HEATHROW, UK","  50.3","24","  46.8","24","1027.1"," 5","024.0"," 5","  7.6","24","  8.4","24"," 12.0"," 22.0","  56.3"," ","  46.4","*"," 0.01","G","999.9","000000"
"03772099999","2011-11-25","51.4775","-0.461389","25.29","HEATHROW, UK","  51.1","24","  44.7","24","1024.8","10","021.7","10","  9.9","24"," 11.9","24"," 19.0","999.9","  55.8","*","  44.6","*"," 0.01","G","999.9","010000"
"03772099999","2011-11-26","51.4775","-0.461389","25.29","HEATHROW, UK","  50.6","24","  44.0","24","1024.5","12","021.4","12"," 11.9","24"," 12.3","24"," 22.0"," 33.0","  56.5"," ","  43.3"," "," 0.00","G","999.9","000000"
"03772099999","2011-11-27","51.4775","-0.461389","25.29","HEATHROW, UK","  51.6","24","  41.5","24","1022.8","11","019.7","11"," 12.0","24"," 12.5","24"," 21.0"," 32.1","  57.2"," ","  39.9","*"," 0.00","F","999.9","010000"
"03772099999","2011-11-28","51.4775","-0.461389","25.29","HEATHROW, UK","  42.5","24","  38.5","24","1025.0","10","021.8","10","  7.9","24","  4.9","24"," 13.0","999.9","  55.8","*","  32.0","*"," 0.00","F","999.9","010000"
"03772099999","2011-11-29","51.4775","-0.461389","25.29","HEATHROW, UK","  52.7","24","  46.9","24","1010.5"," 7","007.5"," 7"," 10.9","24"," 13.9","24"," 22.0"," 32.1","  57.0"," ","  42.8","*"," 0.02","F","999.9","010000"
"03772099999","2011-11-30","51.4775","-0.461389","25.29","HEATHROW, UK","  47.9","24","  40.9","24","1019.5","12","016.4","12"," 11.7","24","  9.9","24"," 14.0"," 26.0","  55.0"," ","  41.9"," "," 0.00","F","999.9","010000"
"03772099999","2011-12-01","51.4775","-0.461389","25.29","HEATHROW, UK","  49.7","24","  43.6","24","1008.0"," 6","005.0"," 6","  9.0","24","  7.5","24"," 16.9","999.9","  53.8"," ","  42.8","*"," 0.10","F","999.9","010000"
"03772099999","2011-12-02","51.4775","-0.461389","25.29","HEATHROW, UK","  41.6","24","  38.2","24","1012.9","10","009.8","10","  9.3","24","  7.3","24"," 15.0"," 19.0","  48.2","*","  35.6","*"," 0.21","G","999.9","010000"
"03772099999","2011-12-03","51.4775","-0.461389","25.29","HEATHROW, UK","  50.3","24","  43.6","24","1004.1","11","001.1","11"," 10.0","24"," 11.9","24"," 18.1"," 22.9","  53.6","*","  42.6"," "," 0.00","G","999.9","010000"
"03772099999","2011-12-04","51.4775","-0.461389","25.29","HEATHROW, UK","  45.9","24","  40.1","24","1000.6","11","997.6","11"," 14.1","24","  9.9","24"," 15.0"," 19.0","  49.1"," ","  39.6","*"," 0.02","F","999.9","010000"
"03772099999","2011-12-05","51.4775","-0.461389","25.29","HEATHROW, UK","  40.0","24","  32.8","24","1005.6","10","002.5","10"," 12.8","24"," 12.2","24"," 18.1"," 21.0","  45.7"," ","  35.4"," "," 0.01","F","999.9","000000"
"03772099999","2011-12-06","51.4775","-0.461389","25.29","HEATHROW, UK","  41.1","24","  35.5","24","1007.2","12","004.1","12"," 12.4","24"," 10.5","24"," 14.0","999.9","  45.0"," ","  36.3"," "," 0.00","G","999.9","010000"
"03772099999","2011-12-07","51.4775","-0.461389","25.29","HEATHROW, UK","  45.3","24","  35.0","24","1009.1","14","006.1","14"," 13.2","24"," 14.7","24"," 21.0"," 30.9","  49.6"," ","  39.2","*"," 0.00","F","999.9","010000"
"03772099999","2011-12-08","51.4775","-0.461389","25.29","HEATHROW, UK","  47.7","24","  42.3","24","1012.0","12","008.9","12"," 10.3","24"," 15.3","24"," 27.0"," 40.0","  55.8"," ","  36.9"," "," 0.00","F","999.9","010000"
"03772099999","2011-12-09","51.4775","-0.461389","25.29","HEATHROW, UK","  41.2","24","  32.5","24","1009.8"," 8","006.7"," 8"," 10.0","24"," 12.1","24"," 15.9","999.9","  46.8"," ","  32.0","*"," 0.03","F","999.9","010000"
"03772099999","2011-12-10","51.4775","-0.461389","25.29","HEATHROW, UK","  36.3","24","  30.6","24","9999.9"," 0","999.9"," 0","  7.1","24","  7.3","24"," 11.1","999.9","  43.3"," ","  29.5"," "," 0.00","F","999.9","000000"
"03772099999","2011-12-11","51.4775","-0.461389","25.29","HEATHROW, UK","  43.1","24","  39.6","24","9999.9"," 0","999.9"," 0","  6.7","24","  8.5","24"," 15.9","999.9","  48.6"," ","  34.0"," "," 0.00","G","999.9","010000"
"03772099999","2011-12-12","51.4775","-0.461389","25.29","HEATHROW, UK","  43.5","24","  38.7","24","1001.7"," 8","998.7"," 8","  9.0","24"," 11.3","24"," 22.9"," 36.9","  50.0","*","  36.3"," "," 0.31","F","999.9","010000"
"03772099999","2011-12-13","51.4775","-0.461389","25.29","HEATHROW, UK","  46.2","24","  37.8","24"," 989.9"," 8","986.9"," 8"," 10.5","24"," 17.0","24"," 25.1"," 36.9","  53.8","*","  39.2","*"," 0.63","F","999.9","010000"
"03772099999","2011-12-14","51.4775","-0.461389","25.29","HEATHROW, UK","  40.9","24","  34.5","24"," 994.5","15","991.4","15"," 13.8","24","  9.9","24"," 21.0"," 30.9","  43.9"," ","  39.0"," "," 0.01","G","999.9","010000"
"03772099999","2011-12-15","51.4775","-0.461389","25.29","HEATHROW, UK","  42.3","24","  35.8","24"," 996.7","12","993.7","12"," 11.3","24"," 12.5","24"," 22.0"," 34.0","  47.1"," ","  37.4","*"," 0.02","G","999.9","010000"
"03772099999","2011-12-16","51.4775","-0.461389","25.29","HEATHROW, UK","  38.3","24","  34.4","24"," 988.4"," 8","985.3"," 8","  8.5","24","  9.9","24"," 15.0","999.9","  41.0"," ","  34.7","*"," 0.00","G","999.9","011000"
"03772099999","2011-12-17","51.4775","-0.461389","25.29","HEATHROW, UK","  37.0","24","  33.1","24","1008.5","12","005.4","12","  9.4","24","  8.9","24"," 14.0","999.9","  43.0"," ","  29.1"," "," 0.14","G","999.9","011000"
"03772099999","2011-12-18","51.4775","-0.461389","25.29","HEATHROW, UK","  36.1","24","  31.2","24","1015.9"," 6","012.7"," 6","  9.8","24","  6.9","24"," 13.0","999.9","  42.8"," ","  31.5"," "," 0.02","G","999.9","010000"
"03772099999","2011-12-19","51.4775","-0.461389","25.29","HEATHROW, UK","  37.7","24","  35.9","24","1015.0"," 8","011.9"," 8","  6.8","24","  5.5","24"," 13.0","999.9","  44.8","*","  28.4"," "," 0.02","G","999.9","010000"
"03772099999","2011-12-20","51.4775","-0.461389","25.29","HEATHROW, UK","  43.8","24","  38.0","24","1016.2","13","013.1","13"," 11.4","24","  8.0","24"," 13.0"," 22.0","  46.9"," ","  40.3"," "," 0.20","G","999.9","010000"
"03772099999","2011-12-21","51.4775","-0.461389","25.29","HEATHROW, UK","  49.7","24","  47.1","24","1019.9"," 7","016.9"," 7","  7.5","24","  6.8","24"," 11.1","999.9","  55.6"," ","  42.4"," "," 0.00","G","999.9","010000"
"03772099999","2011-12-22","51.4775","-0.461389","25.29","HEATHROW, UK","  50.5","24","  46.0","24","1025.0"," 9","022.0"," 9","  9.1","24","  8.8","24"," 12.0","999.9","  54.7"," ","  46.2"," "," 0.00","F","999.9","000000"
"03772099999","2011-12-23","51.4775","-0.461389","25.29","HEATHROW, UK","  49.0","24","  44.0","24","1015.9","10","012.8","10"," 10.1","24"," 12.1","24"," 16.9"," 30.9","  52.9"," ","  40.8","*"," 0.18","F","999.9","010000"
"03772099999","2011-12-24","51.4775","-0.461389","25.29","HEATHROW, UK","  42.1","24","  36.6","24","1028.6","13","025.5","13"," 11.0","24"," 10.3","24"," 14.0","999.9","  47.1","*","  35.6","*"," 0.01","F","999.9","010000"
"03772099999","2011-12-25","51.4775","-0.461389","25.29","HEATHROW, UK","  51.3","24","  45.6","24","1028.5","16","025.4","16"," 14.8","24"," 12.8","24"," 16.9","999.9","  53.6","*","  44.6"," "," 0.01","G","999.9","010000"
"03772099999","2011-12-26","51.4775","-0.461389","25.29","HEATHROW, UK","  52.7","24","  47.2","24","1033.1","11","030.0","11"," 12.3","24"," 12.2","24"," 15.9"," 22.9","  55.4"," ","  50.0","*"," 0.00","G","999.9","000000"
"03772099999","2011-12-27","51.4775","-0.461389","25.29","HEATHROW, UK","  49.7","24","  41.2","24","1032.9"," 9","029.8"," 9"," 11.0","24","  9.0","24"," 12.0"," 21.0","  51.8","*","  44.6","*"," 0.00","G","999.9","000000"
"03772099999","2011-12-28","51.4775","-0.461389","25.29","HEATHROW, UK","  47.5","24","  40.3","24","1021.9","15","018.8","15"," 11.5","24"," 13.6","24"," 18.1"," 26.0","  52.0"," ","  41.9","*"," 0.00","G","999.9","010000"
"03772099999","2011-12-29","51.4775","-0.461389","25.29","HEATHROW, UK","  45.5","24","  37.5","24","1021.1","11","018.0","11"," 10.3","24"," 14.7","24"," 20.0"," 33.0","  50.4"," ","  39.9"," "," 0.01","G","999.9","010000"
"03772099999","2011-12-30","51.4775","-0.461389","25.29","HEATHROW, UK","  44.5","24","  39.6","24","1015.0"," 5","011.9"," 5","  7.8","24","  8.7","24"," 14.0"," 16.9","  51.8","*","  41.0","*"," 0.09","G","999.9","010000"
"03772099999","2011-12-31","51.4775","-0.461389","25.29","HEATHROW, UK","  53.5","24","  49.4","24","1010.0"," 6","007.0"," 6"," 10.4","24"," 13.0","24"," 16.9"," 23.9","  55.4","*","  44.2"," "," 0.20","G","999.9","010000"
